-- MySQL dump 10.13  Distrib 8.0.44, for Win64 (x86_64)
--
-- Host: peluqueriadb.cbdiwhfh6ev3.us-east-1.rds.amazonaws.com    Database: PeluqueriaDB
-- ------------------------------------------------------
-- Server version	8.0.43

/*!40101 SET @OLD_CHARACTER_SET_CLIENT=@@CHARACTER_SET_CLIENT */;
/*!40101 SET @OLD_CHARACTER_SET_RESULTS=@@CHARACTER_SET_RESULTS */;
/*!40101 SET @OLD_COLLATION_CONNECTION=@@COLLATION_CONNECTION */;
/*!50503 SET NAMES utf8mb4 */;
/*!40103 SET @OLD_TIME_ZONE=@@TIME_ZONE */;
/*!40103 SET TIME_ZONE='+00:00' */;
/*!40014 SET @OLD_UNIQUE_CHECKS=@@UNIQUE_CHECKS, UNIQUE_CHECKS=0 */;
/*!40014 SET @OLD_FOREIGN_KEY_CHECKS=@@FOREIGN_KEY_CHECKS, FOREIGN_KEY_CHECKS=0 */;
/*!40101 SET @OLD_SQL_MODE=@@SQL_MODE, SQL_MODE='NO_AUTO_VALUE_ON_ZERO' */;
/*!40111 SET @OLD_SQL_NOTES=@@SQL_NOTES, SQL_NOTES=0 */;
SET @MYSQLDUMP_TEMP_LOG_BIN = @@SESSION.SQL_LOG_BIN;
SET @@SESSION.SQL_LOG_BIN= 0;

--
-- GTID state at the beginning of the backup 
--

SET @@GLOBAL.GTID_PURGED=/*!80000 '+'*/ '';

--
-- Table structure for table `CLIENTE`
--

DROP TABLE IF EXISTS `CLIENTE`;
/*!40101 SET @saved_cs_client     = @@character_set_client */;
/*!50503 SET character_set_client = utf8mb4 */;
CREATE TABLE `CLIENTE` (
  `idCLIENTE` int NOT NULL AUTO_INCREMENT,
  `nombre` varchar(45) NOT NULL,
  `apellidos` varchar(45) DEFAULT NULL,
  `telefono` varchar(20) DEFAULT NULL,
  `email` varchar(80) DEFAULT NULL,
  PRIMARY KEY (`idCLIENTE`),
  UNIQUE KEY `uk_cliente_email` (`email`)
) ENGINE=InnoDB AUTO_INCREMENT=801 DEFAULT CHARSET=utf8mb4 COLLATE=utf8mb4_0900_ai_ci;
/*!40101 SET character_set_client = @saved_cs_client */;

--
-- Dumping data for table `CLIENTE`
--

LOCK TABLES `CLIENTE` WRITE;
/*!40000 ALTER TABLE `CLIENTE` DISABLE KEYS */;
INSERT INTO `CLIENTE` VALUES (1,'Carlos','González Romero','632181960','carlos.gonzalez1@gmail.com'),(2,'Javier','Díaz Moreno','990838637','javier.diaz2@proton.me'),(3,'Marcos','García Jiménez','965423511','marcos.garcia3@icloud.com'),(4,'Sergio','Domínguez Núñez','707816184','sergio.dominguez4@correo.es'),(5,'Teresa','Vázquez Marín','610341316','teresa.vazquez5@hotmail.com'),(6,'Alba','Vázquez Jiménez','753419283','alba.vazquez6@outlook.com'),(7,'Alba','Ramos Romero','983503056','alba.ramos7@hotmail.com'),(8,'David','Díaz Marín','953767242','david.diaz8@outlook.com'),(9,'Patricia','Castro Álvarez','996965328','patricia.castro9@icloud.com'),(10,'Javier','Fernández Pérez','626916697','javier.fernandez10@proton.me'),(11,'Jorge','Ortiz García','918451462','jorge.ortiz11@icloud.com'),(12,'Alejandro','Álvarez Ortega','681489325','alejandro.alvarez12@outlook.com'),(13,'Noelia','Delgado García','957015430','noelia.delgado13@outlook.com'),(14,'Silvia','Martínez Suárez','682278248','silvia.martinez14@proton.me'),(15,'Andrea','Díaz Castro','934657871','andrea.diaz15@outlook.com'),(16,'Raúl','López Torres','698393010','raul.lopez16@outlook.com'),(17,'David','Rodríguez Torres','683473829','david.rodriguez17@proton.me'),(18,'Irene','Muñoz Morales','731165667','irene.munoz18@correo.es'),(19,'Adrián','Sánchez Fernández','751333872','adrian.sanchez19@icloud.com'),(20,'Iván','Romero Molina','617810801','ivan.romero20@outlook.com'),(21,'Mario','Ramírez Suárez','736026064','mario.ramirez21@icloud.com'),(22,'Víctor','Serrano Ortiz','972343098','victor.serrano22@gmail.com'),(23,'Lucía','Fernández Rubio','788208121','lucia.fernandez23@proton.me'),(24,'David','Muñoz Gil','693990916','david.munoz24@correo.es'),(25,'Elena','Marín Delgado','743534624','elena.marin25@icloud.com'),(26,'Lucía','López García','799118384','lucia.lopez26@outlook.com'),(27,'Paula','López Muñoz','742784980','paula.lopez27@correo.es'),(28,'Patricia','Gutiérrez Sánchez','641182449','patricia.gutierrez28@outlook.com'),(29,'María','Díaz Álvarez','974016400','maria.diaz29@hotmail.com'),(30,'Álvaro','Álvarez Jiménez','978680112','alvaro.alvarez30@proton.me'),(31,'Pablo','Vázquez Rubio','926204505','pablo.vazquez31@outlook.com'),(32,'Rubén','Sánchez Domínguez','969232260','ruben.sanchez32@outlook.com'),(33,'María','Ramírez Muñoz','721607337','maria.ramirez33@hotmail.com'),(34,'Óscar','Moreno González','936541458','oscar.moreno34@icloud.com'),(35,'Noelia','Torres González','642940196','noelia.torres35@hotmail.com'),(36,'Lucía','Serrano Núñez','916934060','lucia.serrano36@proton.me'),(37,'Noelia','Hernández Vázquez','715951484','noelia.hernandez37@correo.es'),(38,'Claudia','Navarro Gil','948236629','claudia.navarro38@proton.me'),(39,'Óscar','Gil Ortiz','644369957','oscar.gil39@icloud.com'),(40,'Marta','Díaz Ortega','721489513','marta.diaz40@correo.es'),(41,'Óscar','Moreno Hernández','600379176','oscar.moreno41@correo.es'),(42,'Silvia','Hernández Ramos','763201632','silvia.hernandez42@correo.es'),(43,'Ainhoa','Molina Fernández','931727889','ainhoa.molina43@hotmail.com'),(44,'Marta','Sanz Ortega','787277434','marta.sanz44@proton.me'),(45,'Nuria','Muñoz Romero','714345581','nuria.munoz45@outlook.com'),(46,'Miguel','Moreno Ramos','923166587','miguel.moreno46@icloud.com'),(47,'Adrián','Díaz Ramírez','790967054','adrian.diaz47@icloud.com'),(48,'Claudia','Castro Núñez','673467065','claudia.castro48@correo.es'),(49,'Carmen','Jiménez Molina','698069901','carmen.jimenez49@correo.es'),(50,'Andrea','Gómez Molina','604653755','andrea.gomez50@icloud.com'),(51,'Marcos','Ramírez Álvarez','670805310','marcos.ramirez51@gmail.com'),(52,'Rubén','Hernández González','923271937','ruben.hernandez52@correo.es'),(53,'Jorge','Vázquez Jiménez','991241904','jorge.vazquez53@proton.me'),(54,'Laura','Gil Hernández','693149190','laura.gil54@hotmail.com'),(55,'Noelia','Serrano Vázquez','685067165','noelia.serrano55@correo.es'),(56,'Alba','Martin Serrano','684987769','alba.martin56@hotmail.com'),(57,'Lucía','Muñoz Martínez','773799650','lucia.munoz57@icloud.com'),(58,'Lucía','Ruiz Suárez','654549480','lucia.ruiz58@proton.me'),(59,'Hugo','Martínez Muñoz','967837770','hugo.martinez59@gmail.com'),(60,'Víctor','Moreno Gil','934957885','victor.moreno60@icloud.com'),(61,'Patricia','Torres Domínguez','974443135','patricia.torres61@gmail.com'),(62,'Noelia','Ruiz Hernández','674989413','noelia.ruiz62@hotmail.com'),(63,'Raúl','Vázquez Ruiz','708240084','raul.vazquez63@correo.es'),(64,'Álvaro','Suárez Sánchez','694777520','alvaro.suarez64@hotmail.com'),(65,'Irene','Pérez López','771902294','irene.perez65@gmail.com'),(66,'Rubén','Pérez Ortiz','799938677','ruben.perez66@hotmail.com'),(67,'Elena','Serrano Gutiérrez','990913341','elena.serrano67@outlook.com'),(68,'Rubén','Ruiz Ortiz','620679740','ruben.ruiz68@outlook.com'),(69,'Víctor','Alonso Molina','634936183','victor.alonso69@correo.es'),(70,'Miguel','Romero Martin','602499471','miguel.romero70@icloud.com'),(71,'Óscar','Gil Romero','987719065','oscar.gil71@proton.me'),(72,'Jorge','González Martínez','699049027','jorge.gonzalez72@proton.me'),(73,'Marta','Romero Ruiz','967175655','marta.romero73@correo.es'),(74,'Sergio','Jiménez Torres','774680715','sergio.jimenez74@hotmail.com'),(75,'Lucía','Pérez Gil','908760385','lucia.perez75@proton.me'),(76,'Nuria','Blanco Fernández','648247710','nuria.blanco76@correo.es'),(77,'Rocío','Muñoz Jiménez','780861317','rocio.munoz77@gmail.com'),(78,'Miguel','Suárez Alonso','946773782','miguel.suarez78@icloud.com'),(79,'Hugo','Núñez Ortega','921465840','hugo.nunez79@hotmail.com'),(80,'Óscar','Rubio Suárez','678755886','oscar.rubio80@icloud.com'),(81,'Lucía','Hernández Muñoz','963605766','lucia.hernandez81@correo.es'),(82,'Miguel','Suárez Rodríguez','689517187','miguel.suarez82@gmail.com'),(83,'Miguel','Ramírez Martin','674596158','miguel.ramirez83@icloud.com'),(84,'Lucía','Suárez Castro','691343161','lucia.suarez84@correo.es'),(85,'Sergio','Blanco Jiménez','940050455','sergio.blanco85@icloud.com'),(86,'Miguel','Muñoz Delgado','792221969','miguel.munoz86@correo.es'),(87,'Rubén','Suárez Rubio','637474074','ruben.suarez87@correo.es'),(88,'Noelia','Jiménez López','759464743','noelia.jimenez88@icloud.com'),(89,'Irene','Sánchez Muñoz','795944064','irene.sanchez89@gmail.com'),(90,'Silvia','Fernández Núñez','974395339','silvia.fernandez90@hotmail.com'),(91,'Álvaro','Sánchez Rodríguez','770952145','alvaro.sanchez91@correo.es'),(92,'Claudia','Ruiz Hernández','685884247','claudia.ruiz92@hotmail.com'),(93,'María','Pérez Molina','623685160','maria.perez93@hotmail.com'),(94,'Noelia','Pérez Molina','749651370','noelia.perez94@proton.me'),(95,'Patricia','Navarro Sanz','617461200','patricia.navarro95@hotmail.com'),(96,'Nuria','Pérez Sánchez','682675869','nuria.perez96@correo.es'),(97,'Miguel','Ramírez Sánchez','796405377','miguel.ramirez97@outlook.com'),(98,'Sara','Sánchez Vázquez','950643171','sara.sanchez98@correo.es'),(99,'Diego','Núñez González','653293183','diego.nunez99@proton.me'),(100,'Diego','Moreno Torres','690422842','diego.moreno100@gmail.com'),(101,'Daniel','Gómez García','739502402','daniel.gomez101@correo.es'),(102,'Claudia','Delgado Pérez','917758917','claudia.delgado102@proton.me'),(103,'Raúl','Sanz Rodríguez','984700766','raul.sanz103@correo.es'),(104,'Sergio','Suárez Blanco','615921249','sergio.suarez104@correo.es'),(105,'Elena','Ortiz Navarro','798478961','elena.ortiz105@correo.es'),(106,'Carlos','Ortiz Díaz','773657661','carlos.ortiz106@hotmail.com'),(107,'Andrea','Navarro Álvarez','727111161','andrea.navarro107@correo.es'),(108,'Sara','Gómez Ortiz','698851656','sara.gomez108@correo.es'),(109,'Adrián','Alonso Núñez','751983273','adrian.alonso109@gmail.com'),(110,'Paula','Ortiz Vázquez','649368998','paula.ortiz110@gmail.com'),(111,'Rocío','Romero González','644550229','rocio.romero111@correo.es'),(112,'Carmen','López Martin','901836675','carmen.lopez112@outlook.com'),(113,'Sara','Gutiérrez Navarro','991022901','sara.gutierrez113@hotmail.com'),(114,'Marta','Serrano Suárez','976438156','marta.serrano114@gmail.com'),(115,'Víctor','Rubio Suárez','940369003','victor.rubio115@hotmail.com'),(116,'Diego','Gómez Álvarez','751076226','diego.gomez116@proton.me'),(117,'Raúl','Ortega Ortiz','951606071','raul.ortega117@hotmail.com'),(118,'Silvia','Serrano Marín','764160529','silvia.serrano118@icloud.com'),(119,'Sara','Martínez Serrano','636968164','sara.martinez119@correo.es'),(120,'María','Moreno Torres','618188355','maria.moreno120@correo.es'),(121,'Miguel','Muñoz Sánchez','643292127','miguel.munoz121@icloud.com'),(122,'Silvia','Rubio Blanco','999552717','silvia.rubio122@icloud.com'),(123,'Óscar','Romero Rubio','658147700','oscar.romero123@hotmail.com'),(124,'Víctor','López Martínez','998679807','victor.lopez124@proton.me'),(125,'Hugo','Navarro Núñez','782071518','hugo.navarro125@correo.es'),(126,'Iván','Rodríguez Muñoz','977889255','ivan.rodriguez126@hotmail.com'),(127,'Laura','Ramírez Torres','990515186','laura.ramirez127@hotmail.com'),(128,'Jorge','Núñez Martin','719254629','jorge.nunez128@correo.es'),(129,'Javier','Gutiérrez Ortiz','752816850','javier.gutierrez129@hotmail.com'),(130,'Óscar','Ruiz Díaz','773322141','oscar.ruiz130@proton.me'),(131,'Noelia','Delgado Rodríguez','959296222','noelia.delgado131@correo.es'),(132,'Teresa','Jiménez Blanco','665379473','teresa.jimenez132@proton.me'),(133,'Rubén','Gutiérrez Morales','659774688','ruben.gutierrez133@icloud.com'),(134,'Mario','Hernández Núñez','640758181','mario.hernandez134@hotmail.com'),(135,'Javier','Jiménez Romero','782613750','javier.jimenez135@icloud.com'),(136,'Adrián','Gil Ortega','736153051','adrian.gil136@correo.es'),(137,'María','Martin Gómez','647277901','maria.martin137@gmail.com'),(138,'Jorge','Díaz Martin','998614341','jorge.diaz138@gmail.com'),(139,'Rubén','Ramírez Sanz','711798089','ruben.ramirez139@outlook.com'),(140,'Miguel','Alonso Serrano','695396218','miguel.alonso140@hotmail.com'),(141,'David','Delgado Castro','988067065','david.delgado141@hotmail.com'),(142,'Daniel','Domínguez López','731952058','daniel.dominguez142@hotmail.com'),(143,'Iván','Molina Morales','922170430','ivan.molina143@outlook.com'),(144,'Pablo','Navarro Gutiérrez','968740345','pablo.navarro144@gmail.com'),(145,'María','Romero Pérez','766765277','maria.romero145@hotmail.com'),(146,'Ainhoa','Romero Martínez','961692845','ainhoa.romero146@gmail.com'),(147,'Javier','Navarro Alonso','779627570','javier.navarro147@correo.es'),(148,'Paula','Sanz Serrano','701658202','paula.sanz148@proton.me'),(149,'Marta','Rodríguez Gómez','635569092','marta.rodriguez149@correo.es'),(150,'Marta','Vázquez Blanco','692856543','marta.vazquez150@gmail.com'),(151,'Daniel','Ruiz Suárez','968144739','daniel.ruiz151@hotmail.com'),(152,'Nuria','Hernández Pérez','617271551','nuria.hernandez152@proton.me'),(153,'Noelia','Alonso Gutiérrez','625831323','noelia.alonso153@icloud.com'),(154,'Daniel','Vázquez Ortiz','957829114','daniel.vazquez154@icloud.com'),(155,'Irene','Delgado Ramírez','791251778','irene.delgado155@hotmail.com'),(156,'Álvaro','Ortiz Rubio','626801824','alvaro.ortiz156@outlook.com'),(157,'Mario','Navarro Moreno','784143842','mario.navarro157@correo.es'),(158,'Óscar','Sanz Castro','682992299','oscar.sanz158@hotmail.com'),(159,'Silvia','Rodríguez González','609439690','silvia.rodriguez159@icloud.com'),(160,'Noelia','Alonso Gutiérrez','736471027','noelia.alonso160@icloud.com'),(161,'Irene','Molina Díaz','792555625','irene.molina161@proton.me'),(162,'Patricia','Sánchez Navarro','671473210','patricia.sanchez162@hotmail.com'),(163,'Laura','Sanz Ramírez','625953278','laura.sanz163@icloud.com'),(164,'Nuria','Gutiérrez Suárez','616873395','nuria.gutierrez164@gmail.com'),(165,'Adrián','Alonso Suárez','974801624','adrian.alonso165@correo.es'),(166,'Sara','Gil Vázquez','660983584','sara.gil166@gmail.com'),(167,'Laura','Ortega Blanco','949912165','laura.ortega167@hotmail.com'),(168,'Patricia','Vázquez Martin','698680002','patricia.vazquez168@correo.es'),(169,'María','Morales Delgado','729825952','maria.morales169@icloud.com'),(170,'Teresa','Gutiérrez Rubio','788879470','teresa.gutierrez170@hotmail.com'),(171,'María','Pérez Ramírez','940974993','maria.perez171@correo.es'),(172,'Adrián','Rubio Morales','689623091','adrian.rubio172@outlook.com'),(173,'Daniel','Blanco Navarro','726368970','daniel.blanco173@correo.es'),(174,'Álvaro','Delgado Díaz','957865278','alvaro.delgado174@hotmail.com'),(175,'Noelia','Domínguez Álvarez','973348434','noelia.dominguez175@hotmail.com'),(176,'Diego','Suárez Navarro','758441986','diego.suarez176@icloud.com'),(177,'Paula','Martin Alonso','641574733','paula.martin177@proton.me'),(178,'Marcos','Ortiz Romero','619933083','marcos.ortiz178@correo.es'),(179,'Raúl','Fernández Sánchez','757120826','raul.fernandez179@correo.es'),(180,'Irene','Morales Hernández','754019380','irene.morales180@outlook.com'),(181,'Claudia','Ruiz Rodríguez','772400499','claudia.ruiz181@gmail.com'),(182,'María','Alonso Molina','988728743','maria.alonso182@gmail.com'),(183,'María','Jiménez Molina','942054932','maria.jimenez183@proton.me'),(184,'Carmen','Serrano Ortega','716122753','carmen.serrano184@gmail.com'),(185,'Jorge','Ramos Muñoz','745499045','jorge.ramos185@correo.es'),(186,'Rubén','Fernández Pérez','742684145','ruben.fernandez186@proton.me'),(187,'Raúl','Moreno Gómez','727956878','raul.moreno187@correo.es'),(188,'Diego','Muñoz Núñez','687851910','diego.munoz188@proton.me'),(189,'Sofía','Hernández Marín','922587139','sofia.hernandez189@icloud.com'),(190,'Javier','Ortega Blanco','672867908','javier.ortega190@icloud.com'),(191,'Óscar','González Gil','703910651','oscar.gonzalez191@proton.me'),(192,'Adrián','López Morales','646226567','adrian.lopez192@icloud.com'),(193,'Laura','Martínez Castro','651286823','laura.martinez193@gmail.com'),(194,'Daniel','Gutiérrez Molina','986863375','daniel.gutierrez194@outlook.com'),(195,'Marcos','Hernández Pérez','669033119','marcos.hernandez195@gmail.com'),(196,'Marta','Núñez Fernández','606738302','marta.nunez196@proton.me'),(197,'Víctor','Moreno Marín','799534283','victor.moreno197@icloud.com'),(198,'Óscar','Romero Fernández','992687056','oscar.romero198@proton.me'),(199,'Lucía','Ramírez Martin','762873342','lucia.ramirez199@icloud.com'),(200,'Adrián','Ortiz Ramírez','788263435','adrian.ortiz200@correo.es'),(201,'Javier','Blanco Vázquez','683046990','javier.blanco201@gmail.com'),(202,'Hugo','Rubio Ortiz','673540331','hugo.rubio202@correo.es'),(203,'Irene','Muñoz Núñez','936385467','irene.munoz203@proton.me'),(204,'Paula','Gutiérrez Álvarez','787717535','paula.gutierrez204@hotmail.com'),(205,'Claudia','Rodríguez Marín','620489964','claudia.rodriguez205@outlook.com'),(206,'Hugo','Torres Moreno','793785477','hugo.torres206@icloud.com'),(207,'Mario','Domínguez Jiménez','687280801','mario.dominguez207@correo.es'),(208,'Adrián','García Ramírez','631203875','adrian.garcia208@gmail.com'),(209,'Teresa','Sanz Morales','970088600','teresa.sanz209@proton.me'),(210,'Marcos','Castro Alonso','686211823','marcos.castro210@outlook.com'),(211,'Teresa','Delgado Álvarez','746156793','teresa.delgado211@correo.es'),(212,'Raúl','Gutiérrez Martínez','901666870','raul.gutierrez212@correo.es'),(213,'Alejandro','Jiménez Martínez','765918033','alejandro.jimenez213@correo.es'),(214,'Silvia','Morales Romero','614890250','silvia.morales214@outlook.com'),(215,'Elena','Martin Gil','642939685','elena.martin215@icloud.com'),(216,'Álvaro','Martínez Ortega','950163159','alvaro.martinez216@proton.me'),(217,'Rocío','Gil Navarro','647735866','rocio.gil217@outlook.com'),(218,'Elena','Ramos Martínez','943114262','elena.ramos218@correo.es'),(219,'Laura','Navarro Vázquez','610475412','laura.navarro219@gmail.com'),(220,'Iván','Serrano Blanco','988610158','ivan.serrano220@gmail.com'),(221,'Rocío','Núñez Navarro','704661839','rocio.nunez221@proton.me'),(222,'Mario','Ramos Jiménez','644472126','mario.ramos222@hotmail.com'),(223,'Claudia','Gutiérrez Morales','654379937','claudia.gutierrez223@gmail.com'),(224,'Álvaro','Gutiérrez García','759657569','alvaro.gutierrez224@outlook.com'),(225,'Óscar','Navarro Núñez','937526547','oscar.navarro225@proton.me'),(226,'Rubén','Navarro Ramos','765193982','ruben.navarro226@correo.es'),(227,'Patricia','González Molina','937416724','patricia.gonzalez227@outlook.com'),(228,'Jorge','Martin Serrano','717979688','jorge.martin228@correo.es'),(229,'Claudia','Castro Rodríguez','789113529','claudia.castro229@gmail.com'),(230,'Silvia','Gil Torres','710143888','silvia.gil230@proton.me'),(231,'Silvia','Moreno Blanco','767982507','silvia.moreno231@gmail.com'),(232,'Víctor','Ramírez Martínez','625457387','victor.ramirez232@hotmail.com'),(233,'Irene','Sánchez Blanco','975140105','irene.sanchez233@correo.es'),(234,'Sergio','Jiménez Muñoz','928258673','sergio.jimenez234@icloud.com'),(235,'Iván','Ruiz Serrano','709379660','ivan.ruiz235@correo.es'),(236,'Diego','Díaz Romero','919182553','diego.diaz236@icloud.com'),(237,'Carlos','Álvarez Suárez','959696915','carlos.alvarez237@hotmail.com'),(238,'Alba','Sanz Ruiz','949912513','alba.sanz238@hotmail.com'),(239,'Carlos','Ruiz Vázquez','928669296','carlos.ruiz239@icloud.com'),(240,'Iván','Suárez Castro','928274225','ivan.suarez240@icloud.com'),(241,'Teresa','Fernández Domínguez','672368876','teresa.fernandez241@correo.es'),(242,'Nuria','Ramírez Blanco','721903404','nuria.ramirez242@outlook.com'),(243,'Noelia','Alonso Jiménez','797881914','noelia.alonso243@proton.me'),(244,'Sara','Castro Rodríguez','978361340','sara.castro244@icloud.com'),(245,'Jorge','Domínguez Martínez','713395962','jorge.dominguez245@proton.me'),(246,'Álvaro','Díaz Fernández','958498254','alvaro.diaz246@hotmail.com'),(247,'Silvia','Romero Ortega','912604223','silvia.romero247@outlook.com'),(248,'Lucía','Muñoz Gil','729466711','lucia.munoz248@icloud.com'),(249,'Sofía','Romero Vázquez','775901751','sofia.romero249@proton.me'),(250,'Carmen','Díaz Serrano','674545892','carmen.diaz250@proton.me'),(251,'Nuria','Torres Fernández','617012770','nuria.torres251@icloud.com'),(252,'Hugo','Gómez Gutiérrez','641541520','hugo.gomez252@icloud.com'),(253,'Óscar','Moreno Serrano','911037129','oscar.moreno253@outlook.com'),(254,'Ainhoa','Blanco García','651627136','ainhoa.blanco254@gmail.com'),(255,'Sergio','Sánchez Navarro','742622189','sergio.sanchez255@gmail.com'),(256,'Teresa','Jiménez Blanco','732697311','teresa.jimenez256@outlook.com'),(257,'Carlos','Rubio Ramos','765234138','carlos.rubio257@proton.me'),(258,'Rocío','Núñez Alonso','904389836','rocio.nunez258@hotmail.com'),(259,'Adrián','Muñoz Suárez','713791805','adrian.munoz259@hotmail.com'),(260,'Álvaro','Ramos Marín','758271091','alvaro.ramos260@gmail.com'),(261,'Jorge','Díaz Rodríguez','668486661','jorge.diaz261@correo.es'),(262,'Noelia','Castro Sanz','641418328','noelia.castro262@hotmail.com'),(263,'Carmen','Rubio López','763031617','carmen.rubio263@proton.me'),(264,'Rocío','Fernández Gutiérrez','921020275','rocio.fernandez264@proton.me'),(265,'Ainhoa','Álvarez Jiménez','724105648','ainhoa.alvarez265@gmail.com'),(266,'Jorge','Marín López','778507925','jorge.marin266@outlook.com'),(267,'Jorge','Sánchez Marín','913800030','jorge.sanchez267@icloud.com'),(268,'Sara','Ramos Martin','608635365','sara.ramos268@hotmail.com'),(269,'David','Marín Vázquez','680238061','david.marin269@icloud.com'),(270,'Víctor','Gutiérrez Navarro','687053494','victor.gutierrez270@correo.es'),(271,'Teresa','Muñoz Molina','797383206','teresa.munoz271@gmail.com'),(272,'Raúl','Castro Domínguez','905064138','raul.castro272@outlook.com'),(273,'Claudia','Suárez Fernández','641038657','claudia.suarez273@correo.es'),(274,'Javier','Rubio Sánchez','926199062','javier.rubio274@outlook.com'),(275,'Víctor','Álvarez Navarro','755743132','victor.alvarez275@proton.me'),(276,'Sergio','Martin Sánchez','677561853','sergio.martin276@icloud.com'),(277,'Óscar','Molina Álvarez','612490352','oscar.molina277@gmail.com'),(278,'Rubén','Domínguez Gil','904420678','ruben.dominguez278@correo.es'),(279,'Patricia','Muñoz Sánchez','712100323','patricia.munoz279@icloud.com'),(280,'Sara','Martínez Rubio','941013721','sara.martinez280@hotmail.com'),(281,'Carlos','Rodríguez Molina','629667066','carlos.rodriguez281@outlook.com'),(282,'Paula','Díaz Ruiz','747209993','paula.diaz282@correo.es'),(283,'Víctor','Suárez Ramírez','970146263','victor.suarez283@correo.es'),(284,'Ainhoa','Muñoz Castro','665787598','ainhoa.munoz284@hotmail.com'),(285,'Laura','Romero Ruiz','659304078','laura.romero285@hotmail.com'),(286,'Elena','Moreno Jiménez','633480396','elena.moreno286@hotmail.com'),(287,'Iván','Ruiz Muñoz','955905992','ivan.ruiz287@proton.me'),(288,'Hugo','Suárez Castro','727010393','hugo.suarez288@gmail.com'),(289,'Ainhoa','Morales García','793252500','ainhoa.morales289@outlook.com'),(290,'Elena','Martin Pérez','951569154','elena.martin290@hotmail.com'),(291,'Álvaro','Jiménez Serrano','975289539','alvaro.jimenez291@outlook.com'),(292,'Laura','Gutiérrez Alonso','620969029','laura.gutierrez292@hotmail.com'),(293,'Teresa','Moreno Marín','672513552','teresa.moreno293@correo.es'),(294,'Javier','Torres Blanco','643315410','javier.torres294@gmail.com'),(295,'Laura','Blanco Ramírez','667658617','laura.blanco295@proton.me'),(296,'Raúl','Jiménez Blanco','604054115','raul.jimenez296@outlook.com'),(297,'Laura','Jiménez López','915997062','laura.jimenez297@proton.me'),(298,'Andrea','Jiménez Fernández','653368844','andrea.jimenez298@hotmail.com'),(299,'Rubén','Sánchez Fernández','798720506','ruben.sanchez299@gmail.com'),(300,'Víctor','Núñez Morales','610324171','victor.nunez300@hotmail.com'),(301,'Carmen','Morales Suárez','941862565','carmen.morales301@outlook.com'),(302,'Marta','Rodríguez Álvarez','774349021','marta.rodriguez302@gmail.com'),(303,'Paula','Castro Ramírez','938068687','paula.castro303@proton.me'),(304,'Rubén','Morales Gutiérrez','660898992','ruben.morales304@gmail.com'),(305,'Marta','Ruiz Jiménez','632061632','marta.ruiz305@proton.me'),(306,'Jorge','Navarro López','668685487','jorge.navarro306@gmail.com'),(307,'Teresa','Rubio Delgado','716229991','teresa.rubio307@gmail.com'),(308,'Silvia','Sánchez Alonso','956467997','silvia.sanchez308@gmail.com'),(309,'Iván','Romero Gil','699606530','ivan.romero309@correo.es'),(310,'Irene','Romero Vázquez','654447132','irene.romero310@hotmail.com'),(311,'Marta','Navarro Romero','969137367','marta.navarro311@proton.me'),(312,'Sara','Fernández Ortega','614862890','sara.fernandez312@outlook.com'),(313,'Hugo','Hernández Fernández','607053457','hugo.hernandez313@proton.me'),(314,'Carmen','Pérez González','657972798','carmen.perez314@hotmail.com'),(315,'Paula','Jiménez Álvarez','914060293','paula.jimenez315@outlook.com'),(316,'Raúl','Díaz Romero','968007229','raul.diaz316@gmail.com'),(317,'Raúl','Álvarez Núñez','746657437','raul.alvarez317@hotmail.com'),(318,'Ainhoa','Sanz Gil','910858994','ainhoa.sanz318@hotmail.com'),(319,'Sergio','Morales López','745444328','sergio.morales319@outlook.com'),(320,'Adrián','Núñez Gil','952074466','adrian.nunez320@icloud.com'),(321,'Pablo','Rubio Marín','653875842','pablo.rubio321@correo.es'),(322,'Patricia','Ruiz Alonso','672482513','patricia.ruiz322@hotmail.com'),(323,'Raúl','Gutiérrez Ramírez','754947170','raul.gutierrez323@correo.es'),(324,'Elena','Rubio Sanz','673816846','elena.rubio324@gmail.com'),(325,'Miguel','Gómez Hernández','769725217','miguel.gomez325@hotmail.com'),(326,'Iván','Navarro Fernández','674329271','ivan.navarro326@outlook.com'),(327,'Teresa','Serrano Gil','776008350','teresa.serrano327@hotmail.com'),(328,'Ainhoa','Hernández González','903354216','ainhoa.hernandez328@proton.me'),(329,'Elena','Gutiérrez Jiménez','604478985','elena.gutierrez329@icloud.com'),(330,'Álvaro','Torres Suárez','732603323','alvaro.torres330@correo.es'),(331,'Daniel','Rubio Ortega','615064890','daniel.rubio331@proton.me'),(332,'Adrián','Sánchez González','616761847','adrian.sanchez332@correo.es'),(333,'Miguel','Díaz García','761849926','miguel.diaz333@gmail.com'),(334,'Sofía','Sanz Pérez','711739348','sofia.sanz334@outlook.com'),(335,'Paula','Ramírez Alonso','608737530','paula.ramirez335@gmail.com'),(336,'Javier','Pérez Marín','972181143','javier.perez336@icloud.com'),(337,'Víctor','Álvarez Molina','612045561','victor.alvarez337@gmail.com'),(338,'Pablo','García Gómez','925579415','pablo.garcia338@hotmail.com'),(339,'Iván','Pérez Gil','774676212','ivan.perez339@correo.es'),(340,'Adrián','Jiménez Sánchez','797972965','adrian.jimenez340@proton.me'),(341,'Daniel','Gómez Morales','716701450','daniel.gomez341@correo.es'),(342,'Ainhoa','Marín Moreno','958891637','ainhoa.marin342@hotmail.com'),(343,'Laura','Martin Ortiz','900287721','laura.martin343@icloud.com'),(344,'Lucía','Muñoz Torres','708386631','lucia.munoz344@icloud.com'),(345,'Marta','Marín Blanco','677517016','marta.marin345@icloud.com'),(346,'Pablo','Ortiz García','699488375','pablo.ortiz346@hotmail.com'),(347,'Adrián','Moreno Molina','789975711','adrian.moreno347@correo.es'),(348,'Raúl','García Torres','748851027','raul.garcia348@outlook.com'),(349,'Claudia','Sánchez Álvarez','933163735','claudia.sanchez349@gmail.com'),(350,'Claudia','Rodríguez Rubio','677982708','claudia.rodriguez350@correo.es'),(351,'Adrián','Ortiz Serrano','978292216','adrian.ortiz351@correo.es'),(352,'Rocío','Núñez Navarro','966934654','rocio.nunez352@icloud.com'),(353,'Álvaro','Gómez Ramírez','984858333','alvaro.gomez353@proton.me'),(354,'Víctor','Domínguez Gómez','928851587','victor.dominguez354@proton.me'),(355,'Silvia','Ramírez Castro','760810620','silvia.ramirez355@correo.es'),(356,'Adrián','Hernández Romero','644204380','adrian.hernandez356@hotmail.com'),(357,'Marta','Sánchez Sanz','983863840','marta.sanchez357@icloud.com'),(358,'Laura','Ramírez Navarro','900439735','laura.ramirez358@proton.me'),(359,'Noelia','Núñez Hernández','934721228','noelia.nunez359@gmail.com'),(360,'Laura','Rodríguez Serrano','784229405','laura.rodriguez360@icloud.com'),(361,'Miguel','Rodríguez Martin','790947985','miguel.rodriguez361@gmail.com'),(362,'Lucía','Delgado Moreno','681826886','lucia.delgado362@gmail.com'),(363,'Paula','Moreno Díaz','955543987','paula.moreno363@proton.me'),(364,'Alejandro','Pérez Domínguez','739930561','alejandro.perez364@icloud.com'),(365,'Jorge','Castro Alonso','685887704','jorge.castro365@correo.es'),(366,'Hugo','Navarro Ortega','612880133','hugo.navarro366@correo.es'),(367,'Andrea','Sánchez Díaz','961207501','andrea.sanchez367@gmail.com'),(368,'Adrián','Ruiz Álvarez','919346676','adrian.ruiz368@icloud.com'),(369,'Lucía','González Ramos','918091901','lucia.gonzalez369@hotmail.com'),(370,'Sofía','Sánchez Alonso','949147660','sofia.sanchez370@icloud.com'),(371,'Mario','Castro Moreno','668424508','mario.castro371@proton.me'),(372,'Miguel','Pérez Rodríguez','699688143','miguel.perez372@correo.es'),(373,'Paula','Díaz Ramírez','982223943','paula.diaz373@gmail.com'),(374,'Iván','Marín Fernández','978141413','ivan.marin374@correo.es'),(375,'Elena','Suárez Torres','723149135','elena.suarez375@icloud.com'),(376,'Marta','Torres Sanz','949299556','marta.torres376@outlook.com'),(377,'Alejandro','Navarro Muñoz','664525777','alejandro.navarro377@hotmail.com'),(378,'Óscar','Suárez Ortiz','629142834','oscar.suarez378@correo.es'),(379,'David','López González','909969308','david.lopez379@hotmail.com'),(380,'Noelia','Castro Morales','925639427','noelia.castro380@proton.me'),(381,'Sofía','Martínez Gil','780392827','sofia.martinez381@outlook.com'),(382,'Iván','Marín Martin','975037314','ivan.marin382@hotmail.com'),(383,'Raúl','Rodríguez Díaz','956770051','raul.rodriguez383@correo.es'),(384,'Ainhoa','Romero Álvarez','989266591','ainhoa.romero384@proton.me'),(385,'Jorge','Ramos Moreno','965577908','jorge.ramos385@outlook.com'),(386,'Marta','Jiménez Moreno','684322259','marta.jimenez386@correo.es'),(387,'Carlos','Moreno Ramírez','717773926','carlos.moreno387@gmail.com'),(388,'Rubén','Rodríguez Gómez','992280920','ruben.rodriguez388@outlook.com'),(389,'Jorge','Ruiz Delgado','799041379','jorge.ruiz389@icloud.com'),(390,'Irene','Jiménez Moreno','792929842','irene.jimenez390@correo.es'),(391,'María','Molina Núñez','913662103','maria.molina391@proton.me'),(392,'Sofía','Ramírez Martin','912799088','sofia.ramirez392@gmail.com'),(393,'Javier','Morales Gómez','980686508','javier.morales393@icloud.com'),(394,'Raúl','Morales Ramos','799162473','raul.morales394@gmail.com'),(395,'Víctor','Núñez Castro','743009818','victor.nunez395@gmail.com'),(396,'Laura','Díaz Navarro','751269448','laura.diaz396@icloud.com'),(397,'Silvia','Vázquez Sanz','763688725','silvia.vazquez397@proton.me'),(398,'Patricia','Morales Álvarez','795621372','patricia.morales398@gmail.com'),(399,'Diego','Ortega Gil','789026012','diego.ortega399@icloud.com'),(400,'Rocío','Serrano Martínez','643519066','rocio.serrano400@proton.me'),(401,'Ainhoa','Alonso Núñez','627703843','ainhoa.alonso401@gmail.com'),(402,'Rocío','Ortega Delgado','939205302','rocio.ortega402@gmail.com'),(403,'Marcos','Gil Domínguez','966938011','marcos.gil403@proton.me'),(404,'Víctor','Ortiz Rubio','754393769','victor.ortiz404@gmail.com'),(405,'Jorge','Ruiz Ramírez','918184518','jorge.ruiz405@hotmail.com'),(406,'Noelia','Marín Álvarez','976973577','noelia.marin406@proton.me'),(407,'Daniel','Morales Pérez','716335658','daniel.morales407@proton.me'),(408,'Alejandro','Álvarez Muñoz','716518275','alejandro.alvarez408@hotmail.com'),(409,'Diego','Marín Romero','637333433','diego.marin409@outlook.com'),(410,'Rubén','Sanz Domínguez','611179080','ruben.sanz410@icloud.com'),(411,'Sara','Sanz Navarro','794728463','sara.sanz411@proton.me'),(412,'Álvaro','Fernández Delgado','778085627','alvaro.fernandez412@gmail.com'),(413,'Ainhoa','Molina Navarro','900369155','ainhoa.molina413@proton.me'),(414,'Jorge','Ruiz Ortiz','734795527','jorge.ruiz414@icloud.com'),(415,'Diego','Ramírez Vázquez','764729293','diego.ramirez415@gmail.com'),(416,'Marcos','Muñoz Ortiz','763227026','marcos.munoz416@icloud.com'),(417,'Álvaro','Delgado Castro','957448906','alvaro.delgado417@gmail.com'),(418,'Mario','Fernández Díaz','771754558','mario.fernandez418@proton.me'),(419,'Jorge','Domínguez González','715939982','jorge.dominguez419@hotmail.com'),(420,'Paula','Navarro Ortega','771694722','paula.navarro420@correo.es'),(421,'María','Ramírez Sanz','961125355','maria.ramirez421@correo.es'),(422,'Víctor','Romero Núñez','964759876','victor.romero422@outlook.com'),(423,'Iván','González Gómez','934132611','ivan.gonzalez423@gmail.com'),(424,'Irene','Ortiz Fernández','668114921','irene.ortiz424@correo.es'),(425,'Laura','Gutiérrez Moreno','647228200','laura.gutierrez425@correo.es'),(426,'Paula','Navarro Morales','784872829','paula.navarro426@proton.me'),(427,'Alba','Marín Serrano','984578317','alba.marin427@hotmail.com'),(428,'Sara','Ramírez Álvarez','640082547','sara.ramirez428@proton.me'),(429,'Alejandro','Suárez Morales','706493085','alejandro.suarez429@outlook.com'),(430,'Claudia','Ortiz Serrano','732663416','claudia.ortiz430@correo.es'),(431,'Rubén','Delgado Sanz','944846312','ruben.delgado431@outlook.com'),(432,'Víctor','Pérez Molina','974973502','victor.perez432@gmail.com'),(433,'Noelia','González Ruiz','644270312','noelia.gonzalez433@gmail.com'),(434,'Nuria','Díaz Torres','747570512','nuria.diaz434@gmail.com'),(435,'Marcos','Gil López','972346013','marcos.gil435@icloud.com'),(436,'Marta','Muñoz Rodríguez','671837645','marta.munoz436@outlook.com'),(437,'Pablo','Ortiz Delgado','647435031','pablo.ortiz437@outlook.com'),(438,'Andrea','Navarro García','649163009','andrea.navarro438@correo.es'),(439,'Irene','Núñez Martin','713271950','irene.nunez439@gmail.com'),(440,'Paula','Martin Castro','627358573','paula.martin440@gmail.com'),(441,'Laura','Domínguez Gómez','707784873','laura.dominguez441@proton.me'),(442,'Iván','Castro Domínguez','774982182','ivan.castro442@icloud.com'),(443,'Víctor','Álvarez Castro','770862095','victor.alvarez443@proton.me'),(444,'Rubén','Navarro López','986387829','ruben.navarro444@hotmail.com'),(445,'Lucía','Ramírez Navarro','618102203','lucia.ramirez445@gmail.com'),(446,'Nuria','Hernández Sánchez','696789940','nuria.hernandez446@hotmail.com'),(447,'Raúl','Núñez López','637170586','raul.nunez447@hotmail.com'),(448,'Adrián','Sanz Romero','901413811','adrian.sanz448@correo.es'),(449,'Raúl','Castro Ramos','638392886','raul.castro449@correo.es'),(450,'Sergio','Marín Domínguez','976122868','sergio.marin450@hotmail.com'),(451,'Mario','Castro Núñez','755855665','mario.castro451@proton.me'),(452,'Rubén','Marín Castro','668457760','ruben.marin452@correo.es'),(453,'Pablo','Alonso Núñez','682404335','pablo.alonso453@gmail.com'),(454,'Marcos','Ortiz Ortega','999210752','marcos.ortiz454@outlook.com'),(455,'Jorge','Vázquez Rubio','634419693','jorge.vazquez455@correo.es'),(456,'David','Navarro Morales','679194096','david.navarro456@gmail.com'),(457,'Adrián','Torres Domínguez','761390604','adrian.torres457@proton.me'),(458,'Pablo','Navarro Castro','925832067','pablo.navarro458@proton.me'),(459,'Silvia','Ortega Martínez','664622517','silvia.ortega459@proton.me'),(460,'Adrián','Ortiz Gil','716862278','adrian.ortiz460@outlook.com'),(461,'Nuria','Gil Marín','689833146','nuria.gil461@hotmail.com'),(462,'Silvia','Martínez Pérez','966553559','silvia.martinez462@correo.es'),(463,'Daniel','Gutiérrez Jiménez','797927033','daniel.gutierrez463@correo.es'),(464,'Sara','Martin Martínez','603924051','sara.martin464@hotmail.com'),(465,'Marta','Morales González','738338848','marta.morales465@icloud.com'),(466,'Teresa','Martin González','798042043','teresa.martin466@correo.es'),(467,'Teresa','Romero Fernández','701645104','teresa.romero467@correo.es'),(468,'Laura','Moreno Ramos','915798123','laura.moreno468@proton.me'),(469,'Alba','Ortiz González','638457620','alba.ortiz469@hotmail.com'),(470,'Paula','Domínguez Gutiérrez','684046084','paula.dominguez470@outlook.com'),(471,'Miguel','Torres Gil','921689363','miguel.torres471@proton.me'),(472,'Miguel','Serrano Gutiérrez','957823298','miguel.serrano472@correo.es'),(473,'Hugo','Gómez Gutiérrez','982629251','hugo.gomez473@proton.me'),(474,'Noelia','Pérez Ruiz','720566474','noelia.perez474@outlook.com'),(475,'Hugo','Sánchez Gómez','609949993','hugo.sanchez475@proton.me'),(476,'Raúl','Moreno González','717289752','raul.moreno476@icloud.com'),(477,'Nuria','Morales Gómez','633060463','nuria.morales477@correo.es'),(478,'Hugo','Díaz López','679757366','hugo.diaz478@gmail.com'),(479,'Rocío','Ramos Navarro','799988081','rocio.ramos479@icloud.com'),(480,'Alba','Rodríguez Muñoz','986086803','alba.rodriguez480@hotmail.com'),(481,'Marta','Gil Gutiérrez','772649082','marta.gil481@icloud.com'),(482,'Marta','Martínez Ortega','629826657','marta.martinez482@gmail.com'),(483,'Iván','Molina Rubio','937145211','ivan.molina483@gmail.com'),(484,'Marta','Vázquez Martínez','968926860','marta.vazquez484@outlook.com'),(485,'María','Marín Martin','622064474','maria.marin485@correo.es'),(486,'Iván','Pérez Gómez','609407778','ivan.perez486@gmail.com'),(487,'Rocío','Suárez Muñoz','697767199','rocio.suarez487@gmail.com'),(488,'Rubén','Ortiz Romero','983022050','ruben.ortiz488@outlook.com'),(489,'Pablo','Marín Núñez','751016224','pablo.marin489@proton.me'),(490,'Rocío','Marín Ortiz','679501455','rocio.marin490@icloud.com'),(491,'David','Serrano Ortiz','647214586','david.serrano491@proton.me'),(492,'Diego','Díaz Sanz','619817946','diego.diaz492@proton.me'),(493,'Lucía','Álvarez Delgado','995299787','lucia.alvarez493@icloud.com'),(494,'Iván','Sanz Moreno','943010713','ivan.sanz494@proton.me'),(495,'Claudia','Ramírez Rodríguez','758303441','claudia.ramirez495@hotmail.com'),(496,'Óscar','Ortega Ortiz','701556990','oscar.ortega496@outlook.com'),(497,'Hugo','Torres Morales','702727857','hugo.torres497@icloud.com'),(498,'Adrián','Delgado Gutiérrez','958803955','adrian.delgado498@gmail.com'),(499,'Miguel','Romero González','768299629','miguel.romero499@gmail.com'),(500,'Óscar','Navarro Rodríguez','761735743','oscar.navarro500@proton.me'),(501,'Óscar','Ruiz Pérez','703178078','oscar.ruiz501@outlook.com'),(502,'Hugo','Torres Morales','984521823','hugo.torres502@correo.es'),(503,'Pablo','Molina Ramos','981040915','pablo.molina503@icloud.com'),(504,'Pablo','Sánchez Delgado','940943533','pablo.sanchez504@hotmail.com'),(505,'Marcos','Castro Navarro','714224109','marcos.castro505@proton.me'),(506,'Sofía','Sánchez Díaz','958542493','sofia.sanchez506@outlook.com'),(507,'David','Gutiérrez Sanz','787020701','david.gutierrez507@icloud.com'),(508,'Adrián','Martínez Serrano','729979545','adrian.martinez508@outlook.com'),(509,'Noelia','Martínez Molina','921717477','noelia.martinez509@outlook.com'),(510,'Raúl','Martin Sanz','756255770','raul.martin510@gmail.com'),(511,'Irene','Pérez Domínguez','772459928','irene.perez511@gmail.com'),(512,'Carmen','Sánchez Navarro','914876963','carmen.sanchez512@proton.me'),(513,'Rubén','Ortiz Jiménez','761539669','ruben.ortiz513@hotmail.com'),(514,'Noelia','Muñoz Ruiz','919719975','noelia.munoz514@proton.me'),(515,'Sergio','Blanco Ruiz','761919657','sergio.blanco515@correo.es'),(516,'Adrián','Martínez Díaz','690227846','adrian.martinez516@proton.me'),(517,'Silvia','Blanco Hernández','654946519','silvia.blanco517@gmail.com'),(518,'Teresa','Ortega Gil','640580085','teresa.ortega518@gmail.com'),(519,'Víctor','González Muñoz','796566668','victor.gonzalez519@outlook.com'),(520,'Iván','Morales Gómez','686562422','ivan.morales520@gmail.com'),(521,'David','González Martin','976212679','david.gonzalez521@icloud.com'),(522,'Teresa','Ruiz Molina','968765326','teresa.ruiz522@proton.me'),(523,'Alejandro','Marín Suárez','938468950','alejandro.marin523@gmail.com'),(524,'Silvia','Morales Vázquez','697128478','silvia.morales524@gmail.com'),(525,'Ainhoa','Sanz Martínez','671894905','ainhoa.sanz525@proton.me'),(526,'Alejandro','Morales Molina','979565442','alejandro.morales526@gmail.com'),(527,'Rocío','Gutiérrez Marín','707929049','rocio.gutierrez527@gmail.com'),(528,'Víctor','Suárez Martínez','681442944','victor.suarez528@hotmail.com'),(529,'Alejandro','Pérez Núñez','692752437','alejandro.perez529@outlook.com'),(530,'Ainhoa','Rodríguez Torres','629276637','ainhoa.rodriguez530@correo.es'),(531,'Mario','Díaz Marín','950410276','mario.diaz531@icloud.com'),(532,'Óscar','Morales Castro','666742860','oscar.morales532@hotmail.com'),(533,'Marta','Ramos Navarro','901856945','marta.ramos533@hotmail.com'),(534,'Marcos','Sánchez Álvarez','996739385','marcos.sanchez534@correo.es'),(535,'Iván','Navarro Ortiz','601061817','ivan.navarro535@hotmail.com'),(536,'Raúl','Alonso Álvarez','600910939','raul.alonso536@correo.es'),(537,'Carlos','Pérez Martínez','926921244','carlos.perez537@icloud.com'),(538,'David','Molina Romero','754214066','david.molina538@hotmail.com'),(539,'Adrián','Álvarez Ruiz','717396271','adrian.alvarez539@outlook.com'),(540,'Noelia','Serrano Díaz','917410119','noelia.serrano540@correo.es'),(541,'Jorge','Blanco González','720064256','jorge.blanco541@proton.me'),(542,'Alejandro','Ortega Suárez','766183067','alejandro.ortega542@gmail.com'),(543,'Silvia','Castro Domínguez','746015851','silvia.castro543@icloud.com'),(544,'Víctor','Hernández Ruiz','906346157','victor.hernandez544@gmail.com'),(545,'Marta','Hernández Gómez','630937618','marta.hernandez545@correo.es'),(546,'Óscar','Suárez Castro','700505061','oscar.suarez546@outlook.com'),(547,'Ainhoa','Molina Castro','693102707','ainhoa.molina547@proton.me'),(548,'Pablo','Muñoz Gómez','620417929','pablo.munoz548@gmail.com'),(549,'Sergio','Pérez Suárez','993136565','sergio.perez549@gmail.com'),(550,'Silvia','Castro Gómez','730925114','silvia.castro550@outlook.com'),(551,'Claudia','Jiménez Vázquez','927390219','claudia.jimenez551@icloud.com'),(552,'Mario','González Suárez','600219467','mario.gonzalez552@correo.es'),(553,'Álvaro','Díaz Martin','948763290','alvaro.diaz553@proton.me'),(554,'Iván','Suárez Sanz','645608331','ivan.suarez554@proton.me'),(555,'Sergio','Sanz Vázquez','983734031','sergio.sanz555@outlook.com'),(556,'Irene','Suárez Ruiz','600543645','irene.suarez556@proton.me'),(557,'Alba','Rodríguez Sánchez','908220781','alba.rodriguez557@gmail.com'),(558,'Rubén','Blanco Rubio','956353153','ruben.blanco558@gmail.com'),(559,'Rubén','Ramírez Hernández','731797062','ruben.ramirez559@outlook.com'),(560,'Teresa','Molina Ruiz','752735435','teresa.molina560@outlook.com'),(561,'Pablo','Marín Fernández','721776253','pablo.marin561@hotmail.com'),(562,'Rocío','Jiménez Sanz','698316873','rocio.jimenez562@proton.me'),(563,'Irene','Molina Romero','663356939','irene.molina563@outlook.com'),(564,'Silvia','García Ramírez','607806867','silvia.garcia564@correo.es'),(565,'Sergio','Blanco Suárez','618063254','sergio.blanco565@outlook.com'),(566,'Javier','González Morales','942799077','javier.gonzalez566@outlook.com'),(567,'Carmen','Ruiz Vázquez','970165804','carmen.ruiz567@icloud.com'),(568,'Marcos','Sanz Castro','931950850','marcos.sanz568@gmail.com'),(569,'Laura','Vázquez Molina','905528183','laura.vazquez569@outlook.com'),(570,'María','Muñoz Castro','679335548','maria.munoz570@correo.es'),(571,'Andrea','Romero Fernández','655778817','andrea.romero571@correo.es'),(572,'Noelia','Castro Alonso','795137116','noelia.castro572@outlook.com'),(573,'Víctor','López Sánchez','641272380','victor.lopez573@hotmail.com'),(574,'Claudia','Castro Gómez','756704310','claudia.castro574@outlook.com'),(575,'Ainhoa','Torres Ramírez','955798877','ainhoa.torres575@hotmail.com'),(576,'Silvia','Gómez Gutiérrez','643754025','silvia.gomez576@hotmail.com'),(577,'Alba','Jiménez Sanz','684222231','alba.jimenez577@gmail.com'),(578,'Lucía','Marín Gómez','745238055','lucia.marin578@outlook.com'),(579,'Sara','Blanco Castro','684106727','sara.blanco579@hotmail.com'),(580,'Miguel','García Castro','954749297','miguel.garcia580@hotmail.com'),(581,'Carlos','Morales Rodríguez','681406937','carlos.morales581@hotmail.com'),(582,'Javier','Navarro Fernández','939834301','javier.navarro582@proton.me'),(583,'Marta','Martínez Ortega','737599805','marta.martinez583@icloud.com'),(584,'Miguel','Serrano Vázquez','750455478','miguel.serrano584@gmail.com'),(585,'Diego','Blanco Ramírez','742662991','diego.blanco585@outlook.com'),(586,'Diego','Gutiérrez Morales','951961064','diego.gutierrez586@icloud.com'),(587,'Iván','Ortiz Molina','992326487','ivan.ortiz587@gmail.com'),(588,'Óscar','Rubio Gutiérrez','787300244','oscar.rubio588@correo.es'),(589,'Irene','Pérez Alonso','727301471','irene.perez589@proton.me'),(590,'Sara','Rubio Morales','964715890','sara.rubio590@hotmail.com'),(591,'Mario','Rubio Fernández','657252045','mario.rubio591@icloud.com'),(592,'Paula','Fernández Alonso','781832192','paula.fernandez592@proton.me'),(593,'Lucía','Navarro Gutiérrez','751895202','lucia.navarro593@proton.me'),(594,'Víctor','Vázquez Suárez','752132833','victor.vazquez594@proton.me'),(595,'Teresa','Delgado Castro','981671120','teresa.delgado595@icloud.com'),(596,'Paula','Gutiérrez Vázquez','679852401','paula.gutierrez596@outlook.com'),(597,'Álvaro','Martin Moreno','723216110','alvaro.martin597@icloud.com'),(598,'Andrea','Rodríguez Hernández','608907140','andrea.rodriguez598@gmail.com'),(599,'Óscar','García Sánchez','693932501','oscar.garcia599@outlook.com'),(600,'Marcos','Rubio Domínguez','728938911','marcos.rubio600@proton.me'),(601,'Alejandro','Delgado Díaz','934280138','alejandro.delgado601@correo.es'),(602,'Irene','Vázquez Rubio','671256638','irene.vazquez602@outlook.com'),(603,'Claudia','Pérez Navarro','671827548','claudia.perez603@correo.es'),(604,'Pablo','Martínez Navarro','716479473','pablo.martinez604@proton.me'),(605,'Claudia','Alonso Serrano','617520716','claudia.alonso605@icloud.com'),(606,'Ainhoa','Martínez Pérez','666912153','ainhoa.martinez606@hotmail.com'),(607,'Hugo','Núñez Gil','636749946','hugo.nunez607@hotmail.com'),(608,'Irene','Núñez Gil','784271147','irene.nunez608@icloud.com'),(609,'Raúl','Gómez González','601702695','raul.gomez609@outlook.com'),(610,'Óscar','Sanz Sánchez','687734778','oscar.sanz610@hotmail.com'),(611,'Noelia','Torres Castro','900616756','noelia.torres611@icloud.com'),(612,'Alba','Rodríguez Ruiz','942762467','alba.rodriguez612@gmail.com'),(613,'Silvia','Suárez Ortiz','989778280','silvia.suarez613@icloud.com'),(614,'Jorge','Suárez Rubio','795450090','jorge.suarez614@outlook.com'),(615,'Sara','Domínguez Rubio','656165565','sara.dominguez615@gmail.com'),(616,'Rubén','Muñoz Gutiérrez','911415208','ruben.munoz616@hotmail.com'),(617,'Pablo','Molina Serrano','986407905','pablo.molina617@icloud.com'),(618,'Silvia','Ramos Navarro','917135785','silvia.ramos618@outlook.com'),(619,'Teresa','Gutiérrez Vázquez','737183440','teresa.gutierrez619@hotmail.com'),(620,'Silvia','Gil Moreno','919195419','silvia.gil620@proton.me'),(621,'Irene','Serrano Díaz','714846853','irene.serrano621@icloud.com'),(622,'Carmen','Álvarez Sanz','978208297','carmen.alvarez622@outlook.com'),(623,'Alba','Romero Castro','969083572','alba.romero623@outlook.com'),(624,'Miguel','Gutiérrez Serrano','751364424','miguel.gutierrez624@correo.es'),(625,'Rocío','Muñoz Gil','612303477','rocio.munoz625@proton.me'),(626,'Andrea','Serrano Rodríguez','624204482','andrea.serrano626@correo.es'),(627,'Pablo','Suárez González','615941651','pablo.suarez627@icloud.com'),(628,'Álvaro','Muñoz Pérez','981898471','alvaro.munoz628@outlook.com'),(629,'Rocío','Pérez Navarro','796363212','rocio.perez629@outlook.com'),(630,'Marcos','Blanco Ramírez','790785158','marcos.blanco630@icloud.com'),(631,'Irene','Muñoz Romero','657540900','irene.munoz631@correo.es'),(632,'Rubén','Álvarez Ortiz','745183760','ruben.alvarez632@icloud.com'),(633,'Jorge','Gutiérrez Martínez','643275604','jorge.gutierrez633@gmail.com'),(634,'Nuria','Morales Ramírez','761248156','nuria.morales634@proton.me'),(635,'Patricia','Navarro Molina','900272063','patricia.navarro635@correo.es'),(636,'Óscar','Navarro Marín','612382965','oscar.navarro636@icloud.com'),(637,'Irene','Gómez Álvarez','695431652','irene.gomez637@icloud.com'),(638,'Laura','Marín Moreno','608931734','laura.marin638@correo.es'),(639,'Mario','Fernández Gil','969421529','mario.fernandez639@gmail.com'),(640,'Alejandro','Delgado Serrano','771333447','alejandro.delgado640@icloud.com'),(641,'Álvaro','Serrano Díaz','934362620','alvaro.serrano641@hotmail.com'),(642,'Jorge','Muñoz Sanz','735971072','jorge.munoz642@hotmail.com'),(643,'Carmen','Díaz Ramos','969411800','carmen.diaz643@hotmail.com'),(644,'Rubén','Morales Domínguez','990048964','ruben.morales644@icloud.com'),(645,'Sara','Gómez Ortiz','692428757','sara.gomez645@outlook.com'),(646,'Javier','Navarro Delgado','724150274','javier.navarro646@correo.es'),(647,'Sara','Serrano Alonso','794856257','sara.serrano647@outlook.com'),(648,'Patricia','Blanco Fernández','620320742','patricia.blanco648@correo.es'),(649,'Alba','Serrano Pérez','707587771','alba.serrano649@correo.es'),(650,'Miguel','Pérez Domínguez','634228499','miguel.perez650@outlook.com'),(651,'Elena','García Delgado','926137150','elena.garcia651@hotmail.com'),(652,'Carlos','Gil Vázquez','915201777','carlos.gil652@correo.es'),(653,'Marcos','Núñez García','709759230','marcos.nunez653@correo.es'),(654,'Víctor','Navarro Fernández','918961642','victor.navarro654@outlook.com'),(655,'Carmen','Martínez González','626642147','carmen.martinez655@icloud.com'),(656,'Óscar','Núñez Gómez','715837767','oscar.nunez656@hotmail.com'),(657,'Silvia','Núñez Serrano','665926610','silvia.nunez657@proton.me'),(658,'María','Molina Moreno','927881476','maria.molina658@gmail.com'),(659,'Irene','Gutiérrez Martin','643864908','irene.gutierrez659@gmail.com'),(660,'Pablo','Ortega Sánchez','966179454','pablo.ortega660@proton.me'),(661,'Javier','Ortega González','672260164','javier.ortega661@hotmail.com'),(662,'Elena','Molina Blanco','945232194','elena.molina662@correo.es'),(663,'Sergio','Serrano Castro','606102776','sergio.serrano663@correo.es'),(664,'Rocío','Suárez Gutiérrez','995641220','rocio.suarez664@outlook.com'),(665,'Carlos','González Hernández','637236831','carlos.gonzalez665@hotmail.com'),(666,'Alba','Martin Morales','701227770','alba.martin666@icloud.com'),(667,'Elena','Muñoz Hernández','796050166','elena.munoz667@icloud.com'),(668,'Elena','Núñez Ortiz','707678997','elena.nunez668@outlook.com'),(669,'Adrián','Delgado González','795814671','adrian.delgado669@icloud.com'),(670,'Teresa','Domínguez Blanco','960243757','teresa.dominguez670@outlook.com'),(671,'Sofía','Moreno Rubio','959724665','sofia.moreno671@icloud.com'),(672,'Mario','Sanz Díaz','717223297','mario.sanz672@gmail.com'),(673,'Claudia','Suárez Gutiérrez','638005452','claudia.suarez673@outlook.com'),(674,'Sofía','Rodríguez López','761931837','sofia.rodriguez674@hotmail.com'),(675,'María','Domínguez Rodríguez','942891077','maria.dominguez675@gmail.com'),(676,'Sergio','Sanz Sánchez','908121352','sergio.sanz676@correo.es'),(677,'Víctor','Blanco Ortega','712552137','victor.blanco677@icloud.com'),(678,'Alejandro','Muñoz Morales','748214565','alejandro.munoz678@correo.es'),(679,'Rubén','Martin Delgado','732666785','ruben.martin679@gmail.com'),(680,'Marta','Martin García','981155626','marta.martin680@gmail.com'),(681,'Carmen','Rodríguez Martin','908466845','carmen.rodriguez681@hotmail.com'),(682,'Alejandro','Romero Delgado','926738997','alejandro.romero682@correo.es'),(683,'Paula','Gil Hernández','710856288','paula.gil683@hotmail.com'),(684,'Diego','Martínez Ortega','948520089','diego.martinez684@hotmail.com'),(685,'Rubén','Gutiérrez Serrano','910548510','ruben.gutierrez685@correo.es'),(686,'Carlos','Blanco Gutiérrez','907539989','carlos.blanco686@outlook.com'),(687,'Paula','Gutiérrez Alonso','992683158','paula.gutierrez687@proton.me'),(688,'Hugo','Vázquez Molina','626611062','hugo.vazquez688@icloud.com'),(689,'Diego','Blanco López','786988649','diego.blanco689@icloud.com'),(690,'Andrea','Blanco Suárez','962282772','andrea.blanco690@correo.es'),(691,'Sofía','Delgado Pérez','937702851','sofia.delgado691@proton.me'),(692,'Claudia','Pérez Vázquez','940821545','claudia.perez692@hotmail.com'),(693,'Víctor','Suárez González','629604432','victor.suarez693@correo.es'),(694,'Nuria','García Pérez','951067949','nuria.garcia694@icloud.com'),(695,'María','Ramos Morales','992287772','maria.ramos695@correo.es'),(696,'Lucía','Martínez Sanz','996636580','lucia.martinez696@correo.es'),(697,'Marta','Romero Martínez','609481813','marta.romero697@proton.me'),(698,'Noelia','Marín Fernández','983780182','noelia.marin698@gmail.com'),(699,'Marcos','Díaz Muñoz','997189569','marcos.diaz699@gmail.com'),(700,'Nuria','González Torres','726085641','nuria.gonzalez700@gmail.com'),(701,'Sergio','Castro Jiménez','722412462','sergio.castro701@gmail.com'),(702,'Teresa','Navarro Ruiz','604615265','teresa.navarro702@hotmail.com'),(703,'Laura','Pérez Fernández','639937886','laura.perez703@gmail.com'),(704,'Marcos','Fernández Navarro','786170630','marcos.fernandez704@hotmail.com'),(705,'Patricia','Rubio Sánchez','682496718','patricia.rubio705@outlook.com'),(706,'Miguel','Vázquez Castro','638687007','miguel.vazquez706@proton.me'),(707,'Víctor','Jiménez García','674946539','victor.jimenez707@proton.me'),(708,'Víctor','Rodríguez Jiménez','989141612','victor.rodriguez708@correo.es'),(709,'Patricia','Romero Serrano','698554743','patricia.romero709@correo.es'),(710,'Lucía','Torres Díaz','795020970','lucia.torres710@gmail.com'),(711,'Iván','Ramírez Ortiz','976811807','ivan.ramirez711@correo.es'),(712,'Carlos','Domínguez Ramos','956201753','carlos.dominguez712@icloud.com'),(713,'Alejandro','Moreno González','753194337','alejandro.moreno713@hotmail.com'),(714,'Pablo','Romero Suárez','993036149','pablo.romero714@proton.me'),(715,'Nuria','Jiménez Ortiz','699921921','nuria.jimenez715@outlook.com'),(716,'Jorge','Marín Moreno','943089487','jorge.marin716@gmail.com'),(717,'Andrea','Fernández Navarro','764187758','andrea.fernandez717@gmail.com'),(718,'Raúl','Fernández Romero','787506351','raul.fernandez718@proton.me'),(719,'Daniel','Moreno Serrano','633254110','daniel.moreno719@icloud.com'),(720,'Andrea','González Rubio','954317350','andrea.gonzalez720@hotmail.com'),(721,'Ainhoa','Muñoz López','997179110','ainhoa.munoz721@gmail.com'),(722,'Laura','Navarro López','607049611','laura.navarro722@correo.es'),(723,'Adrián','Ortiz Fernández','766196399','adrian.ortiz723@gmail.com'),(724,'Alba','Ramos Molina','799150785','alba.ramos724@proton.me'),(725,'Hugo','Sánchez García','919392845','hugo.sanchez725@icloud.com'),(726,'Irene','Sanz Blanco','632002496','irene.sanz726@proton.me'),(727,'Paula','Gutiérrez Rubio','922749545','paula.gutierrez727@gmail.com'),(728,'Ainhoa','Rubio Martin','638806533','ainhoa.rubio728@correo.es'),(729,'Hugo','López Torres','677959959','hugo.lopez729@hotmail.com'),(730,'Claudia','Torres Jiménez','670730337','claudia.torres730@proton.me'),(731,'Diego','Muñoz Morales','956362050','diego.munoz731@gmail.com'),(732,'Paula','González Ortiz','624739500','paula.gonzalez732@outlook.com'),(733,'Hugo','Alonso Ruiz','642583230','hugo.alonso733@outlook.com'),(734,'Jorge','Sánchez González','926153473','jorge.sanchez734@hotmail.com'),(735,'Sara','Jiménez Delgado','961122338','sara.jimenez735@icloud.com'),(736,'Sara','Navarro Núñez','730993842','sara.navarro736@hotmail.com'),(737,'Rubén','Fernández Romero','689731791','ruben.fernandez737@outlook.com'),(738,'Sofía','Ramos Ortega','778725587','sofia.ramos738@correo.es'),(739,'Nuria','Morales Romero','969033373','nuria.morales739@icloud.com'),(740,'Diego','Gutiérrez Serrano','792548121','diego.gutierrez740@hotmail.com'),(741,'Marta','Delgado Domínguez','690789567','marta.delgado741@icloud.com'),(742,'Andrea','Ramírez Vázquez','754602734','andrea.ramirez742@correo.es'),(743,'David','Domínguez Martínez','788814311','david.dominguez743@gmail.com'),(744,'Sara','Rodríguez Castro','653544439','sara.rodriguez744@outlook.com'),(745,'Noelia','Álvarez García','745669078','noelia.alvarez745@outlook.com'),(746,'Carmen','Moreno Díaz','738987751','carmen.moreno746@hotmail.com'),(747,'Hugo','Serrano Ramírez','677805292','hugo.serrano747@hotmail.com'),(748,'Alejandro','Suárez Domínguez','736668459','alejandro.suarez748@gmail.com'),(749,'Silvia','Rodríguez Gómez','659999663','silvia.rodriguez749@icloud.com'),(750,'David','Castro Ramos','671597412','david.castro750@gmail.com'),(751,'Patricia','Ruiz Rodríguez','997023164','patricia.ruiz751@outlook.com'),(752,'Raúl','Alonso Delgado','670580256','raul.alonso752@icloud.com'),(753,'Mario','Pérez Gómez','967163234','mario.perez753@icloud.com'),(754,'Irene','Jiménez Núñez','949387430','irene.jimenez754@outlook.com'),(755,'Marta','López Gil','938597779','marta.lopez755@gmail.com'),(756,'Javier','Alonso Molina','746926329','javier.alonso756@correo.es'),(757,'Andrea','Molina Ramos','929160324','andrea.molina757@correo.es'),(758,'Noelia','Alonso López','937681511','noelia.alonso758@proton.me'),(759,'Lucía','Ramírez Blanco','643807017','lucia.ramirez759@icloud.com'),(760,'María','Gil Hernández','700412577','maria.gil760@icloud.com'),(761,'David','Martínez Ortiz','937274220','david.martinez761@proton.me'),(762,'Sergio','Ruiz Alonso','686210427','sergio.ruiz762@hotmail.com'),(763,'Iván','Díaz Rodríguez','983708164','ivan.diaz763@icloud.com'),(764,'Adrián','Núñez García','663353310','adrian.nunez764@icloud.com'),(765,'Daniel','García Torres','613122068','daniel.garcia765@gmail.com'),(766,'Lucía','Navarro Ortiz','939386613','lucia.navarro766@outlook.com'),(767,'Sergio','Domínguez Navarro','606506373','sergio.dominguez767@gmail.com'),(768,'Marcos','Sanz Vázquez','613649718','marcos.sanz768@proton.me'),(769,'Mario','Álvarez Sánchez','956252571','mario.alvarez769@hotmail.com'),(770,'Daniel','Núñez Rubio','768389030','daniel.nunez770@proton.me'),(771,'Carlos','Gutiérrez Muñoz','963910257','carlos.gutierrez771@hotmail.com'),(772,'Hugo','Martin Ramos','603975245','hugo.martin772@correo.es'),(773,'Pablo','Delgado Ramírez','940355338','pablo.delgado773@gmail.com'),(774,'Rubén','Moreno Núñez','785270171','ruben.moreno774@outlook.com'),(775,'Adrián','Martin Díaz','612983381','adrian.martin775@icloud.com'),(776,'Alba','Gutiérrez Jiménez','933629344','alba.gutierrez776@proton.me'),(777,'Marta','Hernández Romero','715662776','marta.hernandez777@proton.me'),(778,'Teresa','Serrano Martin','706614982','teresa.serrano778@proton.me'),(779,'Iván','Álvarez Ramos','747468971','ivan.alvarez779@hotmail.com'),(780,'Álvaro','Morales Hernández','630085766','alvaro.morales780@icloud.com'),(781,'Sara','Ramos Suárez','791601692','sara.ramos781@outlook.com'),(782,'Andrea','Álvarez Domínguez','975066337','andrea.alvarez782@gmail.com'),(783,'Sara','González Martin','797243992','sara.gonzalez783@gmail.com'),(784,'Carlos','Martínez Ramos','791836264','carlos.martinez784@correo.es'),(785,'Óscar','Ortega Castro','969461195','oscar.ortega785@outlook.com'),(786,'Marcos','Díaz Gil','940270116','marcos.diaz786@proton.me'),(787,'Claudia','Alonso Serrano','625223728','claudia.alonso787@gmail.com'),(788,'Marta','Marín Díaz','630234679','marta.marin788@gmail.com'),(789,'Mario','Martínez Alonso','661415093','mario.martinez789@icloud.com'),(790,'Nuria','Sánchez García','640901380','nuria.sanchez790@icloud.com'),(791,'Rocío','Delgado Romero','775965555','rocio.delgado791@outlook.com'),(792,'Sara','Gil Ramos','905510762','sara.gil792@gmail.com'),(793,'Rocío','Pérez Delgado','735797863','rocio.perez793@gmail.com'),(794,'Lucía','González Vázquez','657397691','lucia.gonzalez794@hotmail.com'),(795,'Andrea','Morales Sánchez','964932898','andrea.morales795@gmail.com'),(796,'Álvaro','Suárez Martínez','787271783','alvaro.suarez796@outlook.com'),(797,'Diego','Jiménez Martínez','660256434','diego.jimenez797@correo.es'),(798,'Irene','Pérez Gómez','971539915','irene.perez798@icloud.com'),(799,'Laura','Ortiz Serrano','634141115','laura.ortiz799@correo.es'),(800,'Elena','Hernández Pérez','952569040','elena.hernandez800@proton.me');
/*!40000 ALTER TABLE `CLIENTE` ENABLE KEYS */;
UNLOCK TABLES;

--
-- Table structure for table `EMPLEADO`
--

DROP TABLE IF EXISTS `EMPLEADO`;
/*!40101 SET @saved_cs_client     = @@character_set_client */;
/*!50503 SET character_set_client = utf8mb4 */;
CREATE TABLE `EMPLEADO` (
  `idEMPLEADO` int NOT NULL AUTO_INCREMENT,
  `nombre` varchar(45) NOT NULL,
  `apellido` varchar(45) DEFAULT NULL,
  `email` varchar(80) DEFAULT NULL,
  `telefono` varchar(20) DEFAULT NULL,
  `salario` decimal(10,2) DEFAULT NULL,
  PRIMARY KEY (`idEMPLEADO`),
  UNIQUE KEY `uk_empleado_email` (`email`)
) ENGINE=InnoDB AUTO_INCREMENT=61 DEFAULT CHARSET=utf8mb4 COLLATE=utf8mb4_0900_ai_ci;
/*!40101 SET character_set_client = @saved_cs_client */;

--
-- Dumping data for table `EMPLEADO`
--

LOCK TABLES `EMPLEADO` WRITE;
/*!40000 ALTER TABLE `EMPLEADO` DISABLE KEYS */;
INSERT INTO `EMPLEADO` VALUES (1,'Daniel','Gómez Rodríguez','daniel.gómez1@peluqueria.com','741068855',1153.00),(2,'Javier','López Jiménez','javier.lópez2@peluqueria.com','953206196',1171.00),(3,'Alejandro','Jiménez Moreno','alejandro.jiménez3@peluqueria.com','601220469',1588.00),(4,'Lucía','Muñoz González','lucía.muñoz4@peluqueria.com','758739895',1112.00),(5,'Laura','Díaz Muñoz','laura.díaz5@peluqueria.com','965802174',1274.00),(6,'Paula','Jiménez Hernández','paula.jiménez6@peluqueria.com','676950391',1743.00),(7,'Sara','García Ruiz','sara.garcía7@peluqueria.com','668804738',1595.00),(8,'Javier','López Moreno','javier.lópez8@peluqueria.com','770027304',1460.00),(9,'Lucía','Díaz García','lucía.díaz9@peluqueria.com','691851160',1648.00),(10,'Laura','Rodríguez Hernández','laura.rodríguez10@peluqueria.com','654708565',1124.00);
/*!40000 ALTER TABLE `EMPLEADO` ENABLE KEYS */;
UNLOCK TABLES;

--
-- Table structure for table `LINEA_PRODUCTO`
--

DROP TABLE IF EXISTS `LINEA_PRODUCTO`;
/*!40101 SET @saved_cs_client     = @@character_set_client */;
/*!50503 SET character_set_client = utf8mb4 */;
CREATE TABLE `LINEA_PRODUCTO` (
  `idLineaProducto` int NOT NULL AUTO_INCREMENT,
  `cantidad` int NOT NULL DEFAULT '1',
  `precioUnitarioAplicado` decimal(10,2) DEFAULT NULL,
  `PEDIDO_idPEDIDO` int NOT NULL,
  `PRODUCTO_idPRODUCTO` int NOT NULL,
  PRIMARY KEY (`idLineaProducto`),
  KEY `idx_lp_pedido` (`PEDIDO_idPEDIDO`),
  KEY `idx_lp_producto` (`PRODUCTO_idPRODUCTO`),
  CONSTRAINT `fk_lp_pedido` FOREIGN KEY (`PEDIDO_idPEDIDO`) REFERENCES `PEDIDO` (`idPEDIDO`) ON DELETE CASCADE ON UPDATE CASCADE,
  CONSTRAINT `fk_lp_producto` FOREIGN KEY (`PRODUCTO_idPRODUCTO`) REFERENCES `PRODUCTO` (`idPRODUCTO`) ON DELETE RESTRICT ON UPDATE CASCADE
) ENGINE=InnoDB AUTO_INCREMENT=134 DEFAULT CHARSET=utf8mb4 COLLATE=utf8mb4_0900_ai_ci;
/*!40101 SET character_set_client = @saved_cs_client */;

--
-- Dumping data for table `LINEA_PRODUCTO`
--

LOCK TABLES `LINEA_PRODUCTO` WRITE;
/*!40000 ALTER TABLE `LINEA_PRODUCTO` DISABLE KEYS */;
INSERT INTO `LINEA_PRODUCTO` VALUES (1,1,11.00,4,4),(2,1,17.00,4,29),(3,1,30.00,5,26),(4,2,15.00,6,25),(5,1,31.00,7,19),(6,1,20.00,13,16),(7,1,12.00,13,22),(8,3,19.00,15,12),(9,1,30.00,15,26),(10,1,6.00,15,13),(11,1,17.00,17,10),(12,1,20.00,19,23),(13,1,19.00,21,12),(14,2,18.00,23,18),(15,1,20.00,23,16),(16,1,16.00,24,28),(17,1,20.00,26,9),(18,2,16.00,26,28),(19,1,17.00,33,29),(20,1,10.00,34,14),(21,1,33.00,37,21),(22,1,20.00,37,23),(23,1,18.00,38,18),(24,1,20.00,38,9),(25,1,6.00,40,17),(26,1,6.00,41,13),(27,3,20.00,45,20),(28,1,40.00,46,30),(29,1,20.00,47,9),(30,1,20.00,47,23),(31,1,30.00,48,26),(32,2,15.00,49,2),(33,1,11.00,51,4),(34,2,17.00,51,15),(35,1,10.00,54,14),(36,2,26.00,54,27),(37,1,17.00,55,29),(38,1,10.00,57,14),(39,1,18.00,58,3),(40,1,16.00,58,1),(41,2,20.00,59,20),(42,1,15.00,61,25),(43,1,19.00,63,12),(44,2,15.00,65,25),(45,2,20.00,66,23),(46,1,25.00,66,24),(47,1,20.00,69,23),(48,1,40.00,71,30),(49,1,31.00,72,19),(50,2,6.00,74,17),(51,1,6.00,76,13),(52,2,17.00,76,29),(53,2,40.00,77,30),(54,2,31.00,84,19),(55,1,20.00,84,20),(56,1,12.00,88,22),(57,1,25.00,91,6),(58,2,17.00,93,15),(59,1,20.00,94,16),(60,1,18.00,95,5),(61,2,33.00,95,21),(62,2,25.00,97,6),(63,1,12.00,97,22),(64,1,10.00,105,14),(65,1,16.00,119,28),(66,1,19.00,120,12),(67,1,16.00,120,28),(68,1,18.00,121,18),(69,1,20.00,122,9),(70,1,18.00,123,7),(71,1,12.00,124,22),(72,1,25.00,127,6),(73,2,11.00,127,4),(74,1,25.00,128,6),(75,1,18.00,131,3),(76,1,15.00,136,25),(77,1,20.00,136,9),(78,3,31.00,140,19),(79,1,16.00,141,11),(80,1,15.00,141,25),(81,2,15.00,142,2),(82,1,17.00,146,29),(83,1,11.00,146,4),(84,3,12.00,146,22),(85,1,15.00,149,2),(86,1,17.00,152,10),(87,1,40.00,153,30),(88,1,16.00,154,11),(89,1,18.00,156,7),(90,3,18.00,156,18),(91,1,33.00,161,21),(92,1,12.00,166,22),(93,1,40.00,169,30),(94,1,17.00,170,29),(95,2,31.00,177,19),(96,1,18.00,177,3),(97,1,26.00,178,27),(98,1,15.00,180,25),(99,3,33.00,182,21),(100,1,12.00,184,22),(101,1,6.00,184,17),(102,2,16.00,184,28),(103,3,19.00,185,12),(104,2,16.00,187,11),(105,2,17.00,191,29),(106,1,18.00,192,7),(107,1,6.00,197,17),(108,1,20.00,197,23),(109,3,11.00,202,4),(110,1,31.00,205,19),(111,1,30.00,209,26),(112,1,33.00,209,21),(113,1,12.00,209,22),(114,1,16.00,210,11),(115,2,12.00,212,22),(116,1,18.00,217,7),(117,1,25.00,217,24),(118,1,33.00,217,21),(119,2,17.00,219,29),(120,1,18.00,220,18),(121,1,25.00,220,6),(122,1,20.00,225,23),(123,1,18.00,231,5),(124,1,18.00,234,3),(125,1,33.00,235,21),(126,2,4.00,238,8),(127,2,17.00,239,15),(128,1,30.00,242,26),(129,2,20.00,242,16),(130,1,15.00,242,25),(131,2,25.00,246,24),(132,1,12.00,246,22),(133,2,4.00,248,8);
/*!40000 ALTER TABLE `LINEA_PRODUCTO` ENABLE KEYS */;
UNLOCK TABLES;

--
-- Table structure for table `LINEA_SERVICIO`
--

DROP TABLE IF EXISTS `LINEA_SERVICIO`;
/*!40101 SET @saved_cs_client     = @@character_set_client */;
/*!50503 SET character_set_client = utf8mb4 */;
CREATE TABLE `LINEA_SERVICIO` (
  `idLineaServicio` int NOT NULL AUTO_INCREMENT,
  `horaInicio` datetime DEFAULT NULL,
  `precioUnitarioAplicado` decimal(10,2) DEFAULT NULL,
  `PEDIDO_idPEDIDO` int NOT NULL,
  `SERVICIO_idSERVICIO` int NOT NULL,
  `EMPLEADO_idEMPLEADO` int NOT NULL,
  PRIMARY KEY (`idLineaServicio`),
  KEY `idx_ls_pedido` (`PEDIDO_idPEDIDO`),
  KEY `idx_ls_servicio` (`SERVICIO_idSERVICIO`),
  KEY `idx_ls_empleado` (`EMPLEADO_idEMPLEADO`),
  CONSTRAINT `fk_ls_empleado` FOREIGN KEY (`EMPLEADO_idEMPLEADO`) REFERENCES `EMPLEADO` (`idEMPLEADO`) ON DELETE RESTRICT ON UPDATE CASCADE,
  CONSTRAINT `fk_ls_pedido` FOREIGN KEY (`PEDIDO_idPEDIDO`) REFERENCES `PEDIDO` (`idPEDIDO`) ON DELETE CASCADE ON UPDATE CASCADE,
  CONSTRAINT `fk_ls_servicio` FOREIGN KEY (`SERVICIO_idSERVICIO`) REFERENCES `SERVICIO` (`idSERVICIO`) ON DELETE RESTRICT ON UPDATE CASCADE
) ENGINE=InnoDB AUTO_INCREMENT=507 DEFAULT CHARSET=utf8mb4 COLLATE=utf8mb4_0900_ai_ci;
/*!40101 SET character_set_client = @saved_cs_client */;

--
-- Dumping data for table `LINEA_SERVICIO`
--

LOCK TABLES `LINEA_SERVICIO` WRITE;
/*!40000 ALTER TABLE `LINEA_SERVICIO` DISABLE KEYS */;
INSERT INTO `LINEA_SERVICIO` VALUES (1,'2026-01-03 13:22:00',25.00,1,11,2),(2,'2026-01-03 14:30:00',10.00,1,4,2),(3,'2026-01-11 13:11:00',35.00,2,6,10),(4,'2026-01-11 15:23:00',18.00,2,7,10),(5,'2026-01-11 16:01:00',18.00,2,7,10),(6,'2026-01-11 09:50:00',45.00,3,10,8),(7,'2026-01-15 11:40:00',5.00,4,3,4),(8,'2026-01-15 12:01:00',10.00,4,4,4),(9,'2026-01-15 12:35:00',20.00,4,12,4),(10,'2026-01-08 18:11:00',5.00,5,3,2),(11,'2026-01-08 18:31:00',45.00,5,10,2),(12,'2026-01-11 12:54:00',18.00,6,2,3),(13,'2026-01-11 13:44:00',5.00,6,3,3),(14,'2026-01-11 14:08:00',12.00,6,1,3),(15,'2026-01-03 12:56:00',35.00,7,6,7),(16,'2026-01-03 15:02:00',25.00,7,11,7),(17,'2026-01-03 16:13:00',30.00,7,13,7),(18,'2026-01-11 17:48:00',8.00,8,8,9),(19,'2026-01-11 18:17:00',6.00,8,15,9),(20,'2026-01-09 12:35:00',45.00,9,10,10),(21,'2026-01-09 15:17:00',30.00,9,5,10),(22,'2026-01-09 17:00:00',30.00,9,5,10),(23,'2026-01-15 10:06:00',10.00,10,14,1),(24,'2026-01-13 17:49:00',35.00,11,6,8),(25,'2026-01-11 16:31:00',30.00,12,13,8),(26,'2026-01-11 18:19:00',18.00,13,7,5),(27,'2026-01-11 19:02:00',18.00,13,7,5),(28,'2026-01-11 19:43:00',10.00,13,14,5),(29,'2026-01-08 18:08:00',10.00,14,4,8),(30,'2026-01-08 18:44:00',5.00,14,3,8),(31,'2026-01-08 19:05:00',40.00,14,9,8),(32,'2026-01-09 10:16:00',30.00,15,5,10),(33,'2026-01-09 11:58:00',10.00,15,4,10),(34,'2026-01-12 17:06:00',8.00,16,8,8),(35,'2026-01-12 17:33:00',35.00,16,6,8),(36,'2026-01-17 18:22:00',35.00,17,6,1),(37,'2026-01-17 20:31:00',40.00,17,9,1),(38,'2026-01-12 13:23:00',35.00,18,6,5),(39,'2026-01-07 18:02:00',6.00,19,15,2),(40,'2026-01-07 18:27:00',35.00,19,6,2),(41,'2026-01-13 12:30:00',30.00,20,5,3),(42,'2026-01-13 14:12:00',6.00,20,15,3),(43,'2026-01-07 09:42:00',5.00,21,3,10),(44,'2026-01-09 19:12:00',30.00,22,5,9),(45,'2026-01-16 09:02:00',12.00,23,1,6),(46,'2026-01-16 09:37:00',6.00,23,15,6),(47,'2026-01-16 10:01:00',18.00,23,2,6),(48,'2026-01-18 20:00:00',30.00,24,5,3),(49,'2026-01-18 21:43:00',12.00,24,1,3),(50,'2026-01-13 13:18:00',40.00,25,9,5),(51,'2026-01-13 15:24:00',18.00,25,7,5),(52,'2026-01-13 16:05:00',6.00,25,15,5),(53,'2026-01-08 19:54:00',30.00,26,5,10),(54,'2026-01-14 10:16:00',30.00,27,13,9),(55,'2026-01-14 11:54:00',10.00,27,4,9),(56,'2026-01-06 09:37:00',8.00,28,8,1),(57,'2026-01-17 16:06:00',10.00,29,4,1),(58,'2026-01-17 16:44:00',10.00,29,14,1),(59,'2026-01-12 11:46:00',35.00,30,6,2),(60,'2026-01-12 13:58:00',12.00,30,1,2),(61,'2026-01-12 14:30:00',18.00,30,2,2),(62,'2026-01-16 13:26:00',18.00,31,7,4),(63,'2026-01-17 10:59:00',25.00,32,11,2),(64,'2026-01-17 12:12:00',40.00,32,9,2),(65,'2026-01-08 16:44:00',10.00,33,4,1),(66,'2026-01-16 10:36:00',18.00,34,2,8),(67,'2026-01-08 16:55:00',5.00,35,3,9),(68,'2026-01-10 17:39:00',18.00,36,2,5),(69,'2026-01-10 18:25:00',45.00,36,10,5),(70,'2026-01-10 21:08:00',8.00,36,8,5),(71,'2026-01-21 10:35:00',12.00,37,1,6),(72,'2026-01-12 12:32:00',10.00,38,14,5),(73,'2026-01-12 13:04:00',45.00,38,10,5),(74,'2026-01-13 10:01:00',5.00,39,3,9),(75,'2026-01-13 10:24:00',35.00,39,6,9),(76,'2026-01-13 12:33:00',30.00,39,13,9),(77,'2026-01-21 09:47:00',5.00,40,3,8),(78,'2026-01-13 10:33:00',35.00,41,6,1),(79,'2026-01-13 12:43:00',5.00,41,3,1),(80,'2026-01-13 19:22:00',6.00,42,15,9),(81,'2026-01-13 19:40:00',45.00,42,10,9),(82,'2026-01-13 22:16:00',18.00,42,2,9),(83,'2026-01-20 10:49:00',30.00,43,13,10),(84,'2026-01-20 12:28:00',40.00,43,9,10),(85,'2026-01-13 09:51:00',8.00,44,8,5),(86,'2026-01-13 10:12:00',20.00,44,12,5),(87,'2026-01-13 10:53:00',18.00,44,2,5),(88,'2026-01-10 12:02:00',6.00,45,15,3),(89,'2026-01-10 12:27:00',35.00,45,6,3),(90,'2026-01-10 14:42:00',30.00,45,13,3),(91,'2026-01-17 09:32:00',35.00,46,6,5),(92,'2026-01-17 11:42:00',20.00,46,12,5),(93,'2026-01-13 12:30:00',18.00,47,2,5),(94,'2026-01-13 13:16:00',30.00,47,5,5),(95,'2026-01-09 11:38:00',18.00,48,2,2),(96,'2026-01-20 11:59:00',40.00,49,9,6),(97,'2026-01-20 14:11:00',20.00,49,12,6),(98,'2026-01-20 14:55:00',8.00,49,8,6),(99,'2026-01-20 19:56:00',10.00,50,14,7),(100,'2026-01-20 20:26:00',30.00,50,5,7),(101,'2026-01-20 22:10:00',10.00,50,14,7),(102,'2026-01-19 10:01:00',30.00,51,13,6),(103,'2026-01-19 11:44:00',30.00,51,13,6),(104,'2026-01-14 12:02:00',40.00,52,9,1),(105,'2026-01-14 14:13:00',45.00,52,10,1),(106,'2026-01-14 10:02:00',10.00,53,4,5),(107,'2026-01-14 10:38:00',30.00,53,5,5),(108,'2026-01-14 12:18:00',35.00,53,6,5),(109,'2026-01-10 16:50:00',35.00,54,6,9),(110,'2026-01-10 18:55:00',10.00,54,4,9),(111,'2026-01-10 19:26:00',12.00,54,1,9),(112,'2026-01-19 10:04:00',12.00,55,1,9),(113,'2026-01-19 17:17:00',30.00,56,13,1),(114,'2026-01-19 18:58:00',10.00,56,4,1),(115,'2026-01-19 19:37:00',30.00,56,5,1),(116,'2026-01-15 11:02:00',30.00,57,13,7),(117,'2026-01-15 12:47:00',45.00,57,10,7),(118,'2026-01-22 09:14:00',20.00,58,12,9),(119,'2026-01-18 19:21:00',30.00,59,13,3),(120,'2026-01-18 20:59:00',45.00,59,10,3),(121,'2026-01-11 12:33:00',10.00,60,14,5),(122,'2026-01-11 13:03:00',35.00,60,6,5),(123,'2026-01-21 10:31:00',35.00,61,6,9),(124,'2026-01-21 12:36:00',5.00,61,3,9),(125,'2026-01-21 13:01:00',30.00,61,13,9),(126,'2026-01-24 13:26:00',35.00,62,6,6),(127,'2026-01-24 15:31:00',8.00,62,8,6),(128,'2026-01-24 17:02:00',18.00,63,2,8),(129,'2026-01-14 10:17:00',30.00,64,13,7),(130,'2026-01-14 11:57:00',35.00,64,6,7),(131,'2026-01-14 14:05:00',6.00,64,15,7),(132,'2026-01-24 10:42:00',6.00,65,15,6),(133,'2026-01-24 11:02:00',18.00,65,7,6),(134,'2026-01-21 13:02:00',45.00,66,10,10),(135,'2026-01-21 15:41:00',20.00,66,12,10),(136,'2026-01-14 13:08:00',18.00,67,2,1),(137,'2026-01-14 13:53:00',18.00,67,2,1),(138,'2026-01-14 14:41:00',8.00,67,8,1),(139,'2026-01-24 16:21:00',45.00,68,10,5),(140,'2026-01-21 09:51:00',8.00,69,8,1),(141,'2026-01-21 10:19:00',5.00,69,3,1),(142,'2026-01-21 10:37:00',10.00,69,14,1),(143,'2026-01-17 12:21:00',45.00,70,10,7),(144,'2026-01-17 15:04:00',18.00,70,2,7),(145,'2026-01-17 15:52:00',5.00,70,3,7),(146,'2026-01-23 16:26:00',45.00,71,10,2),(147,'2026-01-24 11:13:00',45.00,72,10,5),(148,'2026-01-24 13:48:00',18.00,72,2,5),(149,'2026-01-23 11:29:00',10.00,73,4,5),(150,'2026-01-17 12:18:00',10.00,74,14,4),(151,'2026-01-17 12:53:00',35.00,74,6,4),(152,'2026-01-26 20:00:00',25.00,75,11,7),(153,'2026-01-26 21:10:00',40.00,75,9,7),(154,'2026-01-26 23:23:00',12.00,75,1,7),(155,'2026-01-25 11:41:00',6.00,76,15,9),(156,'2026-01-25 11:58:00',30.00,76,13,9),(157,'2026-01-25 13:35:00',8.00,76,8,9),(158,'2026-01-15 19:00:00',5.00,77,3,1),(159,'2026-01-15 19:20:00',18.00,77,2,1),(160,'2026-01-15 20:01:00',40.00,77,9,1),(161,'2026-01-18 11:07:00',18.00,78,7,3),(162,'2026-01-19 09:37:00',8.00,79,8,7),(163,'2026-01-19 10:01:00',30.00,79,13,7),(164,'2026-01-18 13:02:00',20.00,80,12,8),(165,'2026-01-18 13:38:00',8.00,80,8,8),(166,'2026-01-18 14:06:00',10.00,80,4,8),(167,'2026-01-17 17:56:00',5.00,81,3,10),(168,'2026-01-17 18:16:00',5.00,81,3,10),(169,'2026-01-15 19:19:00',5.00,82,3,5),(170,'2026-01-26 11:46:00',30.00,83,5,7),(171,'2026-01-26 13:29:00',18.00,83,2,7),(172,'2026-01-26 14:17:00',45.00,83,10,7),(173,'2026-01-20 18:06:00',8.00,84,8,7),(174,'2026-01-20 18:31:00',40.00,84,9,7),(175,'2026-01-20 20:38:00',10.00,84,14,7),(176,'2026-01-27 11:58:00',6.00,85,15,6),(177,'2026-01-27 12:19:00',8.00,85,8,6),(178,'2026-01-21 10:05:00',35.00,86,6,7),(179,'2026-01-20 12:47:00',35.00,87,6,5),(180,'2026-01-23 11:49:00',35.00,88,6,3),(181,'2026-01-23 14:02:00',30.00,88,5,3),(182,'2026-01-23 15:38:00',30.00,88,13,3),(183,'2026-01-20 12:25:00',30.00,89,5,7),(184,'2026-01-20 14:00:00',12.00,89,1,7),(185,'2026-01-20 14:33:00',30.00,89,13,7),(186,'2026-01-26 13:13:00',20.00,90,12,9),(187,'2026-01-26 13:56:00',35.00,90,6,9),(188,'2026-01-22 16:15:00',20.00,91,12,7),(189,'2026-01-22 16:52:00',12.00,91,1,7),(190,'2026-01-20 16:33:00',8.00,92,8,6),(191,'2026-01-20 17:02:00',18.00,92,7,6),(192,'2026-01-20 17:47:00',30.00,92,5,6),(193,'2026-01-22 18:03:00',20.00,93,12,6),(194,'2026-01-22 18:38:00',5.00,93,3,6),(195,'2026-01-28 18:49:00',30.00,94,13,5),(196,'2026-01-16 18:11:00',30.00,95,5,5),(197,'2026-01-26 10:36:00',30.00,96,5,9),(198,'2026-01-26 12:11:00',35.00,96,6,9),(199,'2026-01-19 17:58:00',45.00,97,10,4),(200,'2026-01-19 20:42:00',18.00,97,2,4),(201,'2026-01-19 12:33:00',30.00,98,5,9),(202,'2026-01-19 14:18:00',35.00,98,6,9),(203,'2026-01-19 16:32:00',40.00,98,9,9),(204,'2026-01-19 12:34:00',6.00,99,15,1),(205,'2026-01-25 10:58:00',5.00,100,3,8),(206,'2026-01-25 11:23:00',8.00,100,8,8),(207,'2026-01-25 11:53:00',18.00,100,2,8),(208,'2026-01-22 13:05:00',35.00,101,6,5),(209,'2026-01-22 15:17:00',12.00,101,1,5),(210,'2026-01-30 13:10:00',18.00,102,7,3),(211,'2026-01-30 13:45:00',30.00,102,13,3),(212,'2026-01-30 12:58:00',18.00,103,2,4),(213,'2026-01-30 13:43:00',18.00,103,7,4),(214,'2026-01-26 10:51:00',40.00,104,9,10),(215,'2026-01-26 12:56:00',6.00,104,15,10),(216,'2026-01-26 13:17:00',25.00,104,11,10),(217,'2026-01-29 18:10:00',18.00,105,7,9),(218,'2026-01-29 18:49:00',30.00,105,13,9),(219,'2026-01-29 20:31:00',25.00,105,11,9),(220,'2026-01-19 18:32:00',45.00,106,10,6),(221,'2026-01-19 21:14:00',30.00,106,13,6),(222,'2026-01-19 22:54:00',20.00,106,12,6),(223,'2026-01-23 10:29:00',30.00,107,5,5),(224,'2026-01-23 12:12:00',8.00,107,8,5),(225,'2026-01-31 19:56:00',10.00,108,4,10),(226,'2026-01-31 20:29:00',40.00,108,9,10),(227,'2026-01-25 13:20:00',35.00,109,6,9),(228,'2026-01-26 17:09:00',45.00,110,10,8),(229,'2026-01-26 17:23:00',35.00,111,6,6),(230,'2026-01-26 19:38:00',35.00,111,6,6),(231,'2026-01-26 21:49:00',20.00,111,12,6),(232,'2026-01-27 10:17:00',6.00,112,15,10),(233,'2026-01-27 10:40:00',25.00,112,11,10),(234,'2026-01-27 11:47:00',18.00,112,2,10),(235,'2026-01-21 09:17:00',6.00,113,15,5),(236,'2026-01-21 09:36:00',30.00,113,5,5),(237,'2026-01-21 11:13:00',40.00,113,9,5),(238,'2026-01-23 16:32:00',5.00,114,3,8),(239,'2026-01-23 16:49:00',12.00,114,1,8),(240,'2026-01-23 17:16:00',6.00,114,15,8),(241,'2026-02-01 17:45:00',25.00,115,11,10),(242,'2026-01-28 13:23:00',20.00,116,12,6),(243,'2026-01-21 17:44:00',12.00,117,1,3),(244,'2026-01-21 18:14:00',18.00,117,7,3),(245,'2026-01-31 09:03:00',18.00,118,2,1),(246,'2026-01-31 09:44:00',12.00,118,1,1),(247,'2026-01-31 10:14:00',35.00,118,6,1),(248,'2026-02-02 19:29:00',5.00,119,3,5),(249,'2026-02-02 19:49:00',10.00,119,4,5),(250,'2026-02-02 20:19:00',8.00,119,8,5),(251,'2026-01-28 16:23:00',5.00,120,3,7),(252,'2026-01-26 16:43:00',10.00,121,4,4),(253,'2026-01-30 10:21:00',6.00,122,15,9),(254,'2026-01-30 10:42:00',12.00,122,1,9),(255,'2026-01-27 17:19:00',18.00,123,2,8),(256,'2026-01-27 18:07:00',20.00,123,12,8),(257,'2026-01-28 16:54:00',8.00,124,8,4),(258,'2026-02-02 10:20:00',45.00,125,10,2),(259,'2026-01-24 12:39:00',6.00,126,15,1),(260,'2026-01-24 13:02:00',30.00,126,5,1),(261,'2026-01-24 14:39:00',18.00,126,7,1),(262,'2026-01-31 12:06:00',20.00,127,12,7),(263,'2026-01-31 12:41:00',30.00,127,13,7),(264,'2026-01-29 19:35:00',30.00,128,13,6),(265,'2026-01-29 21:17:00',10.00,128,14,6),(266,'2026-01-22 12:03:00',8.00,129,8,8),(267,'2026-01-30 11:47:00',8.00,130,8,5),(268,'2026-01-30 12:17:00',10.00,130,4,5),(269,'2026-01-30 12:48:00',45.00,130,10,5),(270,'2026-01-28 13:29:00',30.00,131,13,9),(271,'2026-01-28 15:05:00',10.00,131,4,9),(272,'2026-01-25 09:21:00',30.00,132,5,2),(273,'2026-01-30 12:53:00',35.00,133,6,10),(274,'2026-01-30 15:05:00',18.00,133,7,10),(275,'2026-01-30 15:48:00',18.00,133,2,10),(276,'2026-01-25 09:53:00',30.00,134,13,7),(277,'2026-01-25 11:29:00',5.00,134,3,7),(278,'2026-02-01 09:23:00',6.00,135,15,2),(279,'2026-02-01 09:47:00',10.00,135,14,2),(280,'2026-01-25 19:51:00',18.00,136,7,6),(281,'2026-01-25 20:28:00',45.00,136,10,6),(282,'2026-01-25 23:07:00',8.00,136,8,6),(283,'2026-01-27 17:59:00',8.00,137,8,4),(284,'2026-01-27 18:25:00',18.00,137,7,4),(285,'2026-02-01 13:10:00',35.00,138,6,4),(286,'2026-02-01 15:24:00',30.00,138,5,4),(287,'2026-01-31 18:30:00',30.00,139,13,8),(288,'2026-01-30 13:15:00',30.00,140,5,4),(289,'2026-01-30 14:56:00',45.00,140,10,4),(290,'2026-02-01 17:15:00',12.00,141,1,4),(291,'2026-02-01 17:48:00',45.00,141,10,4),(292,'2026-01-29 18:28:00',25.00,142,11,1),(293,'2026-01-29 19:38:00',5.00,142,3,1),(294,'2026-02-07 10:02:00',45.00,143,10,10),(295,'2026-02-07 12:42:00',6.00,143,15,10),(296,'2026-02-07 13:00:00',30.00,143,5,10),(297,'2026-01-26 12:27:00',30.00,144,13,2),(298,'2026-01-26 14:03:00',18.00,144,7,2),(299,'2026-01-26 14:44:00',45.00,144,10,2),(300,'2026-01-25 11:14:00',30.00,145,13,3),(301,'2026-01-29 10:25:00',45.00,146,10,1),(302,'2026-01-29 13:03:00',20.00,146,12,1),(303,'2026-02-06 12:49:00',12.00,147,1,9),(304,'2026-02-06 13:24:00',10.00,147,4,9),(305,'2026-02-06 13:54:00',30.00,147,5,9),(306,'2026-02-05 18:11:00',35.00,148,6,1),(307,'2026-02-05 20:19:00',35.00,148,6,1),(308,'2026-02-05 09:46:00',40.00,149,9,3),(309,'2026-02-05 12:01:00',18.00,149,2,3),(310,'2026-01-30 09:22:00',8.00,150,8,8),(311,'2026-01-27 16:42:00',5.00,151,3,9),(312,'2026-01-27 17:07:00',5.00,151,3,9),(313,'2026-01-27 17:30:00',20.00,151,12,9),(314,'2026-02-03 09:27:00',35.00,152,6,9),(315,'2026-01-29 09:44:00',40.00,153,9,4),(316,'2026-01-29 11:49:00',6.00,153,15,4),(317,'2026-01-29 12:04:00',10.00,153,4,4),(318,'2026-02-01 10:31:00',10.00,154,14,3),(319,'2026-02-01 10:59:00',40.00,154,9,3),(320,'2026-02-01 13:06:00',45.00,154,10,3),(321,'2026-01-30 17:42:00',6.00,155,15,5),(322,'2026-01-30 18:07:00',35.00,155,6,5),(323,'2026-01-30 20:22:00',30.00,155,13,5),(324,'2026-02-03 09:38:00',40.00,156,9,3),(325,'2026-02-09 19:30:00',45.00,157,10,8),(326,'2026-02-09 22:07:00',30.00,157,5,8),(327,'2026-02-09 23:52:00',35.00,157,6,8),(328,'2026-01-29 10:11:00',30.00,158,5,1),(329,'2026-01-29 11:52:00',10.00,158,14,1),(330,'2026-02-07 18:51:00',30.00,159,13,10),(331,'2026-02-07 20:31:00',8.00,159,8,10),(332,'2026-02-02 18:31:00',8.00,160,8,1),(333,'2026-02-01 11:05:00',5.00,161,3,5),(334,'2026-02-07 18:25:00',10.00,162,14,3),(335,'2026-02-07 18:54:00',25.00,162,11,3),(336,'2026-02-07 20:07:00',30.00,162,13,3),(337,'2026-01-29 16:44:00',5.00,163,3,8),(338,'2026-01-29 17:08:00',12.00,163,1,8),(339,'2026-02-01 10:21:00',25.00,164,11,10),(340,'2026-02-01 11:34:00',25.00,164,11,10),(341,'2026-02-01 12:49:00',40.00,164,9,10),(342,'2026-01-30 13:30:00',10.00,165,4,5),(343,'2026-02-04 11:31:00',35.00,166,6,3),(344,'2026-02-04 13:42:00',10.00,166,14,3),(345,'2026-02-08 10:02:00',35.00,167,6,2),(346,'2026-02-12 09:34:00',10.00,168,4,7),(347,'2026-02-12 10:08:00',5.00,168,3,7),(348,'2026-02-11 19:32:00',12.00,169,1,5),(349,'2026-02-11 20:01:00',40.00,169,9,5),(350,'2026-02-10 11:31:00',30.00,170,5,6),(351,'2026-02-10 13:08:00',12.00,170,1,6),(352,'2026-02-10 13:34:00',40.00,170,9,6),(353,'2026-02-07 11:30:00',5.00,171,3,7),(354,'2026-02-12 16:42:00',20.00,172,12,2),(355,'2026-02-12 17:20:00',20.00,172,12,2),(356,'2026-02-12 18:01:00',30.00,172,13,2),(357,'2026-02-08 17:41:00',5.00,173,3,4),(358,'2026-02-08 18:05:00',10.00,173,4,4),(359,'2026-02-03 12:13:00',35.00,174,6,5),(360,'2026-02-03 14:23:00',40.00,174,9,5),(361,'2026-02-03 16:35:00',8.00,174,8,5),(362,'2026-02-01 10:40:00',20.00,175,12,5),(363,'2026-02-01 11:17:00',20.00,175,12,5),(364,'2026-02-01 11:58:00',40.00,175,9,5),(365,'2026-02-08 12:12:00',35.00,176,6,8),(366,'2026-01-30 09:18:00',18.00,177,7,10),(367,'2026-01-30 10:01:00',20.00,177,12,10),(368,'2026-01-30 10:41:00',35.00,177,6,10),(369,'2026-02-04 13:21:00',8.00,178,8,5),(370,'2026-02-04 13:51:00',6.00,178,15,5),(371,'2026-02-08 17:29:00',25.00,179,11,7),(372,'2026-02-08 18:42:00',8.00,179,8,7),(373,'2026-01-31 12:18:00',18.00,180,7,10),(374,'2026-01-31 12:58:00',10.00,180,4,10),(375,'2026-02-08 09:14:00',25.00,181,11,2),(376,'2026-02-08 10:22:00',20.00,181,12,2),(377,'2026-02-08 11:00:00',18.00,181,7,2),(378,'2026-02-07 10:20:00',10.00,182,4,7),(379,'2026-02-07 10:58:00',5.00,182,3,7),(380,'2026-02-07 11:16:00',18.00,182,7,7),(381,'2026-01-31 09:51:00',20.00,183,12,2),(382,'2026-01-31 10:29:00',5.00,183,3,2),(383,'2026-01-31 10:50:00',6.00,183,15,2),(384,'2026-02-07 13:24:00',40.00,184,9,2),(385,'2026-02-07 15:35:00',12.00,184,1,2),(386,'2026-02-07 16:03:00',10.00,184,14,2),(387,'2026-02-05 09:33:00',10.00,185,4,6),(388,'2026-02-03 16:25:00',20.00,186,12,2),(389,'2026-02-03 17:03:00',10.00,186,14,2),(390,'2026-02-14 10:32:00',35.00,187,6,2),(391,'2026-02-14 12:38:00',18.00,187,2,2),(392,'2026-02-04 09:50:00',18.00,188,7,9),(393,'2026-02-13 12:57:00',40.00,189,9,7),(394,'2026-02-08 13:03:00',8.00,190,8,6),(395,'2026-02-08 13:24:00',25.00,190,11,6),(396,'2026-02-07 09:35:00',10.00,191,14,5),(397,'2026-02-10 11:59:00',40.00,192,9,3),(398,'2026-02-15 19:22:00',18.00,193,2,5),(399,'2026-02-14 18:57:00',18.00,194,7,4),(400,'2026-02-14 19:37:00',35.00,194,6,4),(401,'2026-02-08 11:15:00',10.00,195,4,6),(402,'2026-02-08 11:51:00',10.00,195,14,6),(403,'2026-02-08 12:25:00',35.00,195,6,6),(404,'2026-02-07 18:34:00',18.00,196,7,9),(405,'2026-02-11 11:08:00',18.00,197,2,9),(406,'2026-02-11 11:55:00',12.00,197,1,9),(407,'2026-02-10 17:06:00',45.00,198,10,4),(408,'2026-02-10 19:50:00',5.00,198,3,4),(409,'2026-02-10 20:12:00',25.00,198,11,4),(410,'2026-02-09 11:15:00',30.00,199,13,5),(411,'2026-02-09 12:51:00',25.00,199,11,5),(412,'2026-02-09 14:05:00',5.00,199,3,5),(413,'2026-02-04 17:26:00',40.00,200,9,6),(414,'2026-02-05 12:37:00',10.00,201,4,10),(415,'2026-02-05 13:14:00',30.00,201,13,10),(416,'2026-02-05 14:58:00',18.00,201,2,10),(417,'2026-02-14 19:42:00',6.00,202,15,7),(418,'2026-02-12 12:13:00',18.00,203,2,6),(419,'2026-02-12 12:53:00',10.00,203,14,6),(420,'2026-02-12 13:23:00',40.00,203,9,6),(421,'2026-02-16 19:20:00',18.00,204,2,8),(422,'2026-02-16 20:00:00',6.00,204,15,8),(423,'2026-02-11 09:11:00',30.00,205,13,5),(424,'2026-02-11 10:54:00',20.00,205,12,5),(425,'2026-02-17 11:49:00',35.00,206,6,7),(426,'2026-02-11 19:01:00',20.00,207,12,5),(427,'2026-02-11 19:36:00',10.00,207,14,5),(428,'2026-02-09 10:30:00',30.00,208,5,1),(429,'2026-02-19 09:52:00',8.00,209,8,10),(430,'2026-02-19 10:20:00',6.00,209,15,10),(431,'2026-02-19 10:43:00',45.00,209,10,10),(432,'2026-02-15 09:55:00',10.00,210,14,7),(433,'2026-02-07 19:52:00',6.00,211,15,2),(434,'2026-02-07 20:08:00',35.00,211,6,2),(435,'2026-02-07 22:22:00',35.00,211,6,2),(436,'2026-02-06 09:12:00',10.00,212,4,5),(437,'2026-02-11 19:23:00',20.00,213,12,8),(438,'2026-02-11 20:01:00',30.00,213,5,8),(439,'2026-02-11 21:36:00',18.00,213,7,8),(440,'2026-02-10 10:24:00',40.00,214,9,10),(441,'2026-02-18 12:31:00',20.00,215,12,8),(442,'2026-02-17 09:00:00',30.00,216,5,5),(443,'2026-02-17 10:36:00',30.00,216,13,5),(444,'2026-02-17 12:13:00',30.00,216,13,5),(445,'2026-02-11 17:58:00',5.00,217,3,9),(446,'2026-02-11 18:22:00',10.00,217,14,9),(447,'2026-02-11 11:31:00',30.00,218,13,1),(448,'2026-02-11 13:07:00',6.00,218,15,1),(449,'2026-02-15 12:20:00',12.00,219,1,2),(450,'2026-02-15 12:45:00',45.00,219,10,2),(451,'2026-02-17 10:52:00',8.00,220,8,4),(452,'2026-02-17 11:17:00',20.00,220,12,4),(453,'2026-02-17 11:56:00',20.00,220,12,4),(454,'2026-02-12 09:37:00',10.00,221,4,4),(455,'2026-02-12 10:14:00',25.00,221,11,4),(456,'2026-02-12 11:27:00',5.00,221,3,4),(457,'2026-02-20 10:39:00',30.00,222,13,9),(458,'2026-02-18 13:01:00',30.00,223,13,6),(459,'2026-02-11 18:01:00',20.00,224,12,2),(460,'2026-02-17 17:13:00',8.00,225,8,9),(461,'2026-02-17 16:57:00',18.00,226,7,5),(462,'2026-02-17 17:39:00',10.00,226,14,5),(463,'2026-02-10 12:52:00',20.00,227,12,7),(464,'2026-02-10 13:28:00',5.00,227,3,7),(465,'2026-02-14 12:32:00',8.00,228,8,2),(466,'2026-02-15 09:24:00',10.00,229,4,2),(467,'2026-02-15 09:58:00',40.00,229,9,2),(468,'2026-02-11 19:59:00',25.00,230,11,9),(469,'2026-02-11 11:43:00',25.00,231,11,2),(470,'2026-02-11 12:52:00',30.00,231,13,2),(471,'2026-02-20 18:18:00',12.00,232,1,10),(472,'2026-02-20 18:46:00',6.00,232,15,10),(473,'2026-02-17 13:12:00',8.00,233,8,8),(474,'2026-02-17 13:38:00',10.00,233,14,8),(475,'2026-02-17 14:03:00',45.00,233,10,8),(476,'2026-02-22 16:51:00',5.00,234,3,9),(477,'2026-02-22 17:10:00',35.00,234,6,9),(478,'2026-02-22 12:26:00',35.00,235,6,9),(479,'2026-02-22 14:32:00',12.00,235,1,9),(480,'2026-02-22 15:07:00',30.00,235,5,9),(481,'2026-02-24 09:26:00',8.00,236,8,10),(482,'2026-02-20 18:01:00',45.00,237,10,7),(483,'2026-02-24 16:31:00',20.00,238,12,5),(484,'2026-02-24 17:07:00',20.00,238,12,5),(485,'2026-02-24 17:45:00',18.00,238,7,5),(486,'2026-02-16 10:49:00',6.00,239,15,8),(487,'2026-02-16 11:14:00',35.00,239,6,8),(488,'2026-02-16 13:19:00',10.00,239,4,8),(489,'2026-02-14 18:01:00',20.00,240,12,6),(490,'2026-02-14 18:38:00',18.00,240,2,6),(491,'2026-02-14 19:24:00',18.00,240,2,6),(492,'2026-02-16 17:17:00',35.00,241,6,3),(493,'2026-02-26 12:43:00',18.00,242,7,9),(494,'2026-02-26 13:24:00',45.00,242,10,9),(495,'2026-02-15 12:08:00',20.00,243,12,4),(496,'2026-02-15 12:52:00',40.00,243,9,4),(497,'2026-02-25 13:10:00',40.00,244,9,5),(498,'2026-02-25 15:20:00',40.00,244,9,5),(499,'2026-02-25 17:28:00',45.00,244,10,5),(500,'2026-02-23 19:09:00',35.00,245,6,5),(501,'2026-02-16 10:55:00',8.00,246,8,5),(502,'2026-02-16 11:24:00',45.00,246,10,5),(503,'2026-02-22 11:20:00',10.00,247,14,5),(504,'2026-02-22 11:46:00',10.00,247,14,5),(505,'2026-02-15 19:19:00',10.00,248,4,8),(506,'2026-02-15 19:54:00',25.00,248,11,8);
/*!40000 ALTER TABLE `LINEA_SERVICIO` ENABLE KEYS */;
UNLOCK TABLES;

--
-- Table structure for table `PEDIDO`
--

DROP TABLE IF EXISTS `PEDIDO`;
/*!40101 SET @saved_cs_client     = @@character_set_client */;
/*!50503 SET character_set_client = utf8mb4 */;
CREATE TABLE `PEDIDO` (
  `idPEDIDO` int NOT NULL AUTO_INCREMENT,
  `idCLIENTE` int DEFAULT NULL,
  `fecha` varchar(50) DEFAULT NULL,
  PRIMARY KEY (`idPEDIDO`),
  KEY `idx_pedido_cliente` (`idCLIENTE`),
  CONSTRAINT `fk_pedido_cliente` FOREIGN KEY (`idCLIENTE`) REFERENCES `CLIENTE` (`idCLIENTE`) ON DELETE SET NULL ON UPDATE CASCADE
) ENGINE=InnoDB AUTO_INCREMENT=1001 DEFAULT CHARSET=utf8mb4 COLLATE=utf8mb4_0900_ai_ci;
/*!40101 SET character_set_client = @saved_cs_client */;

--
-- Dumping data for table `PEDIDO`
--

LOCK TABLES `PEDIDO` WRITE;
/*!40000 ALTER TABLE `PEDIDO` DISABLE KEYS */;
INSERT INTO `PEDIDO` VALUES (1,229,'2026-01-01'),(2,616,'2026-01-01'),(3,637,'2026-01-01'),(4,570,'2026-01-01'),(5,587,'2026-01-02'),(6,561,'2026-01-02'),(7,749,'2026-01-02'),(8,796,'2026-01-02'),(9,787,'2026-01-02'),(10,503,'2026-01-02'),(11,770,'2026-01-02'),(12,452,'2026-01-03'),(13,246,'2026-01-03'),(14,3,'2026-01-03'),(15,114,'2026-01-04'),(16,295,'2026-01-04'),(17,101,'2026-01-04'),(18,461,'2026-01-04'),(19,12,'2026-01-04'),(20,702,'2026-01-05'),(21,503,'2026-01-05'),(22,696,'2026-01-05'),(23,322,'2026-01-05'),(24,216,'2026-01-05'),(25,407,'2026-01-05'),(26,258,'2026-01-05'),(27,357,'2026-01-05'),(28,366,'2026-01-05'),(29,764,'2026-01-06'),(30,526,'2026-01-06'),(31,654,'2026-01-06'),(32,92,'2026-01-07'),(33,571,'2026-01-07'),(34,551,'2026-01-07'),(35,300,'2026-01-07'),(36,295,'2026-01-07'),(37,469,'2026-01-07'),(38,145,'2026-01-07'),(39,661,'2026-01-07'),(40,721,'2026-01-07'),(41,734,'2026-01-07'),(42,592,'2026-01-07'),(43,728,'2026-01-08'),(44,378,'2026-01-08'),(45,373,'2026-01-08'),(46,473,'2026-01-08'),(47,433,'2026-01-08'),(48,93,'2026-01-08'),(49,600,'2026-01-09'),(50,568,'2026-01-09'),(51,511,'2026-01-09'),(52,120,'2026-01-09'),(53,436,'2026-01-09'),(54,519,'2026-01-09'),(55,769,'2026-01-09'),(56,615,'2026-01-09'),(57,503,'2026-01-09'),(58,408,'2026-01-09'),(59,538,'2026-01-09'),(60,431,'2026-01-10'),(61,578,'2026-01-10'),(62,491,'2026-01-10'),(63,526,'2026-01-10'),(64,531,'2026-01-10'),(65,26,'2026-01-10'),(66,590,'2026-01-10'),(67,133,'2026-01-11'),(68,51,'2026-01-11'),(69,536,'2026-01-12'),(70,687,'2026-01-12'),(71,106,'2026-01-12'),(72,735,'2026-01-12'),(73,638,'2026-01-12'),(74,440,'2026-01-12'),(75,482,'2026-01-12'),(76,235,'2026-01-13'),(77,125,'2026-01-13'),(78,642,'2026-01-13'),(79,718,'2026-01-13'),(80,468,'2026-01-13'),(81,691,'2026-01-13'),(82,481,'2026-01-13'),(83,732,'2026-01-13'),(84,559,'2026-01-14'),(85,258,'2026-01-14'),(86,574,'2026-01-14'),(87,412,'2026-01-14'),(88,686,'2026-01-14'),(89,562,'2026-01-15'),(90,663,'2026-01-15'),(91,514,'2026-01-15'),(92,716,'2026-01-15'),(93,491,'2026-01-15'),(94,412,'2026-01-15'),(95,444,'2026-01-15'),(96,208,'2026-01-15'),(97,276,'2026-01-16'),(98,10,'2026-01-16'),(99,34,'2026-01-16'),(100,154,'2026-01-16'),(101,672,'2026-01-16'),(102,612,'2026-01-16'),(103,536,'2026-01-17'),(104,502,'2026-01-17'),(105,369,'2026-01-17'),(106,205,'2026-01-17'),(107,267,'2026-01-17'),(108,710,'2026-01-17'),(109,498,'2026-01-17'),(110,478,'2026-01-17'),(111,524,'2026-01-17'),(112,786,'2026-01-17'),(113,445,'2026-01-18'),(114,572,'2026-01-18'),(115,35,'2026-01-19'),(116,298,'2026-01-19'),(117,325,'2026-01-19'),(118,469,'2026-01-19'),(119,101,'2026-01-19'),(120,449,'2026-01-19'),(121,706,'2026-01-19'),(122,734,'2026-01-19'),(123,528,'2026-01-19'),(124,188,'2026-01-20'),(125,436,'2026-01-20'),(126,746,'2026-01-20'),(127,491,'2026-01-20'),(128,66,'2026-01-20'),(129,665,'2026-01-20'),(130,273,'2026-01-20'),(131,511,'2026-01-20'),(132,380,'2026-01-20'),(133,15,'2026-01-22'),(134,95,'2026-01-22'),(135,625,'2026-01-23'),(136,204,'2026-01-23'),(137,254,'2026-01-23'),(138,124,'2026-01-23'),(139,636,'2026-01-23'),(140,46,'2026-01-23'),(141,770,'2026-01-23'),(142,275,'2026-01-24'),(143,685,'2026-01-24'),(144,776,'2026-01-24'),(145,651,'2026-01-24'),(146,366,'2026-01-24'),(147,159,'2026-01-24'),(148,6,'2026-01-24'),(149,598,'2026-01-25'),(150,589,'2026-01-25'),(151,788,'2026-01-25'),(152,504,'2026-01-25'),(153,707,'2026-01-25'),(154,738,'2026-01-25'),(155,559,'2026-01-26'),(156,229,'2026-01-26'),(157,485,'2026-01-26'),(158,603,'2026-01-26'),(159,135,'2026-01-26'),(160,710,'2026-01-27'),(161,517,'2026-01-27'),(162,298,'2026-01-27'),(163,139,'2026-01-28'),(164,601,'2026-01-28'),(165,314,'2026-01-28'),(166,520,'2026-01-28'),(167,422,'2026-01-28'),(168,153,'2026-01-29'),(169,533,'2026-01-29'),(170,202,'2026-01-29'),(171,386,'2026-01-29'),(172,15,'2026-01-29'),(173,109,'2026-01-29'),(174,399,'2026-01-29'),(175,76,'2026-01-29'),(176,53,'2026-01-29'),(177,356,'2026-01-29'),(178,789,'2026-01-30'),(179,27,'2026-01-30'),(180,27,'2026-01-30'),(181,523,'2026-01-30'),(182,488,'2026-01-30'),(183,336,'2026-01-30'),(184,700,'2026-01-30'),(185,334,'2026-01-31'),(186,125,'2026-01-31'),(187,510,'2026-01-31'),(188,478,'2026-01-31'),(189,586,'2026-01-31'),(190,634,'2026-01-31'),(191,175,'2026-01-31'),(192,533,'2026-02-01'),(193,212,'2026-02-01'),(194,445,'2026-02-01'),(195,639,'2026-02-01'),(196,613,'2026-02-02'),(197,239,'2026-02-02'),(198,72,'2026-02-03'),(199,561,'2026-02-03'),(200,409,'2026-02-03'),(201,35,'2026-02-03'),(202,201,'2026-02-03'),(203,178,'2026-02-04'),(204,47,'2026-02-04'),(205,664,'2026-02-04'),(206,558,'2026-02-04'),(207,50,'2026-02-04'),(208,773,'2026-02-05'),(209,657,'2026-02-05'),(210,194,'2026-02-05'),(211,496,'2026-02-05'),(212,729,'2026-02-05'),(213,695,'2026-02-05'),(214,21,'2026-02-05'),(215,530,'2026-02-06'),(216,142,'2026-02-06'),(217,191,'2026-02-07'),(218,400,'2026-02-07'),(219,280,'2026-02-07'),(220,436,'2026-02-07'),(221,546,'2026-02-07'),(222,425,'2026-02-07'),(223,81,'2026-02-07'),(224,393,'2026-02-07'),(225,313,'2026-02-07'),(226,179,'2026-02-08'),(227,510,'2026-02-09'),(228,799,'2026-02-09'),(229,426,'2026-02-09'),(230,295,'2026-02-09'),(231,334,'2026-02-10'),(232,456,'2026-02-11'),(233,123,'2026-02-11'),(234,540,'2026-02-11'),(235,538,'2026-02-11'),(236,281,'2026-02-11'),(237,220,'2026-02-12'),(238,237,'2026-02-12'),(239,6,'2026-02-12'),(240,466,'2026-02-13'),(241,662,'2026-02-13'),(242,339,'2026-02-13'),(243,418,'2026-02-13'),(244,559,'2026-02-13'),(245,687,'2026-02-14'),(246,187,'2026-02-14'),(247,28,'2026-02-14'),(248,361,'2026-02-14');
/*!40000 ALTER TABLE `PEDIDO` ENABLE KEYS */;
UNLOCK TABLES;

--
-- Table structure for table `PRODUCTO`
--

DROP TABLE IF EXISTS `PRODUCTO`;
/*!40101 SET @saved_cs_client     = @@character_set_client */;
/*!50503 SET character_set_client = utf8mb4 */;
CREATE TABLE `PRODUCTO` (
  `idPRODUCTO` int NOT NULL AUTO_INCREMENT,
  `nombre` varchar(45) NOT NULL,
  `stock` int DEFAULT NULL,
  `precio` decimal(10,2) DEFAULT NULL,
  PRIMARY KEY (`idPRODUCTO`)
) ENGINE=InnoDB AUTO_INCREMENT=121 DEFAULT CHARSET=utf8mb4 COLLATE=utf8mb4_0900_ai_ci;
/*!40101 SET character_set_client = @saved_cs_client */;

--
-- Dumping data for table `PRODUCTO`
--

LOCK TABLES `PRODUCTO` WRITE;
/*!40000 ALTER TABLE `PRODUCTO` DISABLE KEYS */;
INSERT INTO `PRODUCTO` VALUES (1,'Champú hidratante',22,16.00),(2,'Champú anticaspa',13,15.00),(3,'Champú cabello graso',40,18.00),(4,'Acondicionador reparador',26,11.00),(5,'Mascarilla capilar',43,18.00),(6,'Sérum capilar',32,25.00),(7,'Laca fijación fuerte',32,18.00),(8,'Espuma moldeadora',19,4.00),(9,'Cera mate',53,20.00),(10,'Gel fijador',21,17.00),(11,'Aceite de argán',7,16.00),(12,'Protector térmico',42,19.00),(13,'Tinte rubio',17,6.00),(14,'Tinte castaño',19,10.00),(15,'Tinte negro',28,17.00),(16,'Decolorante',46,20.00),(17,'Oxigenada 20 vol',26,6.00),(18,'Oxigenada 30 vol',21,18.00),(19,'Peine profesional',51,31.00),(20,'Cepillo redondo',48,20.00),(21,'Cepillo plano',51,33.00),(22,'Tijeras de corte',20,12.00),(23,'Navaja barbero',28,20.00),(24,'Capa de corte',34,25.00),(25,'Toalla profesional',38,15.00),(26,'Champú sólido',27,30.00),(27,'Acondicionador sin aclarado',35,26.00),(28,'Spray brillo',11,16.00),(29,'Polvos de volumen',8,17.00),(30,'Crema de rizos',36,40.00);
/*!40000 ALTER TABLE `PRODUCTO` ENABLE KEYS */;
UNLOCK TABLES;

--
-- Table structure for table `SERVICIO`
--

DROP TABLE IF EXISTS `SERVICIO`;
/*!40101 SET @saved_cs_client     = @@character_set_client */;
/*!50503 SET character_set_client = utf8mb4 */;
CREATE TABLE `SERVICIO` (
  `idSERVICIO` int NOT NULL AUTO_INCREMENT,
  `nombre` varchar(45) NOT NULL,
  `descripcion` varchar(100) DEFAULT NULL,
  `precio` decimal(10,2) DEFAULT NULL,
  `duracionMin` int DEFAULT NULL,
  PRIMARY KEY (`idSERVICIO`)
) ENGINE=InnoDB AUTO_INCREMENT=31 DEFAULT CHARSET=utf8mb4 COLLATE=utf8mb4_0900_ai_ci;
/*!40101 SET character_set_client = @saved_cs_client */;

--
-- Dumping data for table `SERVICIO`
--

LOCK TABLES `SERVICIO` WRITE;
/*!40000 ALTER TABLE `SERVICIO` DISABLE KEYS */;
INSERT INTO `SERVICIO` VALUES (1,'Corte caballero','Corte de pelo clásico para hombre',12.00,20),(2,'Corte señora','Corte de pelo para mujer',18.00,35),(3,'Lavado','Lavado de cabello con champú',5.00,10),(4,'Peinado','Peinado y secado básico',10.00,25),(5,'Tinte completo','Coloración completa del cabello',30.00,90),(6,'Mechas','Aplicación de mechas',35.00,120),(7,'Corte + barba','Corte de pelo y arreglo de barba',18.00,30),(8,'Arreglo de barba','Perfilado y recorte de barba',8.00,15),(9,'Alisado','Tratamiento de alisado',40.00,120),(10,'Moldeado / Permanente','Rizado permanente',45.00,150),(11,'Recogido','Peinado recogido para eventos',25.00,60),(12,'Tratamiento capilar','Hidratación y reparación',20.00,30),(13,'Decoloración','Decoloración del cabello',30.00,90),(14,'Corte infantil','Corte de pelo para niños',10.00,20),(15,'Secado rápido','Secado simple tras lavado',6.00,10);
/*!40000 ALTER TABLE `SERVICIO` ENABLE KEYS */;
UNLOCK TABLES;

--
-- Table structure for table `TICKET`
--

DROP TABLE IF EXISTS `TICKET`;
/*!40101 SET @saved_cs_client     = @@character_set_client */;
/*!50503 SET character_set_client = utf8mb4 */;
CREATE TABLE `TICKET` (
  `PEDIDO_idPEDIDO` int NOT NULL,
  `metodoPago` varchar(45) DEFAULT NULL,
  `precioTotal` decimal(10,2) DEFAULT NULL,
  `fechaPago` datetime DEFAULT NULL,
  PRIMARY KEY (`PEDIDO_idPEDIDO`),
  CONSTRAINT `fk_ticket_pedido` FOREIGN KEY (`PEDIDO_idPEDIDO`) REFERENCES `PEDIDO` (`idPEDIDO`) ON DELETE CASCADE ON UPDATE CASCADE
) ENGINE=InnoDB DEFAULT CHARSET=utf8mb4 COLLATE=utf8mb4_0900_ai_ci;
/*!40101 SET character_set_client = @saved_cs_client */;

--
-- Dumping data for table `TICKET`
--

LOCK TABLES `TICKET` WRITE;
/*!40000 ALTER TABLE `TICKET` DISABLE KEYS */;
INSERT INTO `TICKET` VALUES (1,'Efectivo',35.00,'2026-01-03 13:22:00'),(2,'Tarjeta',71.00,'2026-01-11 13:11:00'),(3,'Tarjeta',45.00,'2026-01-11 09:50:00'),(4,'Tarjeta',63.00,'2026-01-15 11:40:00'),(5,'Efectivo',80.00,'2026-01-08 18:11:00'),(6,'Efectivo',65.00,'2026-01-11 12:54:00'),(7,'Tarjeta',121.00,'2026-01-03 12:56:00'),(8,'Tarjeta',14.00,'2026-01-11 17:48:00'),(9,'Tarjeta',105.00,'2026-01-09 12:35:00'),(10,'Tarjeta',10.00,'2026-01-15 10:06:00'),(11,'Tarjeta',35.00,'2026-01-13 17:49:00'),(12,'Tarjeta',30.00,'2026-01-11 16:31:00'),(13,'Tarjeta',78.00,'2026-01-11 18:19:00'),(14,'Tarjeta',55.00,'2026-01-08 18:08:00'),(15,'Efectivo',133.00,'2026-01-09 10:16:00'),(16,'Tarjeta',43.00,'2026-01-12 17:06:00'),(17,'Efectivo',92.00,'2026-01-17 18:22:00'),(18,'Tarjeta',35.00,'2026-01-12 13:23:00'),(19,'Tarjeta',61.00,'2026-01-07 18:02:00'),(20,'Tarjeta',36.00,'2026-01-13 12:30:00'),(21,'Tarjeta',24.00,'2026-01-07 09:42:00'),(22,'Tarjeta',30.00,'2026-01-09 19:12:00'),(23,'Efectivo',92.00,'2026-01-16 09:02:00'),(24,'Efectivo',58.00,'2026-01-18 20:00:00'),(25,'Bizum',64.00,'2026-01-13 13:18:00'),(26,'Bizum',82.00,'2026-01-08 19:54:00'),(27,'Tarjeta',40.00,'2026-01-14 10:16:00'),(28,'Bizum',8.00,'2026-01-06 09:37:00'),(29,'Tarjeta',20.00,'2026-01-17 16:06:00'),(30,'Efectivo',65.00,'2026-01-12 11:46:00'),(31,'Efectivo',18.00,'2026-01-16 13:26:00'),(32,'Tarjeta',65.00,'2026-01-17 10:59:00'),(33,'Efectivo',27.00,'2026-01-08 16:44:00'),(34,'Tarjeta',28.00,'2026-01-16 10:36:00'),(35,'Tarjeta',5.00,'2026-01-08 16:55:00'),(36,'Tarjeta',71.00,'2026-01-10 17:39:00'),(37,'Tarjeta',65.00,'2026-01-21 10:35:00'),(38,'Efectivo',93.00,'2026-01-12 12:32:00'),(39,'Tarjeta',70.00,'2026-01-13 10:01:00'),(40,'Tarjeta',11.00,'2026-01-21 09:47:00'),(41,'Tarjeta',46.00,'2026-01-13 10:33:00'),(42,'Tarjeta',69.00,'2026-01-13 19:22:00'),(43,'Tarjeta',70.00,'2026-01-20 10:49:00'),(44,'Tarjeta',46.00,'2026-01-13 09:51:00'),(45,'Efectivo',131.00,'2026-01-10 12:02:00'),(46,'Tarjeta',95.00,'2026-01-17 09:32:00'),(47,'Tarjeta',88.00,'2026-01-13 12:30:00'),(48,'Tarjeta',48.00,'2026-01-09 11:38:00'),(49,'Tarjeta',98.00,'2026-01-20 11:59:00'),(50,'Bizum',50.00,'2026-01-20 19:56:00'),(51,'Efectivo',105.00,'2026-01-19 10:01:00'),(52,'Tarjeta',85.00,'2026-01-14 12:02:00'),(53,'Bizum',75.00,'2026-01-14 10:02:00'),(54,'Tarjeta',119.00,'2026-01-10 16:50:00'),(55,'Tarjeta',29.00,'2026-01-19 10:04:00'),(56,'Efectivo',70.00,'2026-01-19 17:17:00'),(57,'Efectivo',85.00,'2026-01-15 11:02:00'),(58,'Efectivo',54.00,'2026-01-22 09:14:00'),(59,'Efectivo',115.00,'2026-01-18 19:21:00'),(60,'Tarjeta',45.00,'2026-01-11 12:33:00'),(61,'Tarjeta',85.00,'2026-01-21 10:31:00'),(62,'Efectivo',43.00,'2026-01-24 13:26:00'),(63,'Tarjeta',37.00,'2026-01-24 17:02:00'),(64,'Tarjeta',71.00,'2026-01-14 10:17:00'),(65,'Tarjeta',54.00,'2026-01-24 10:42:00'),(66,'Efectivo',130.00,'2026-01-21 13:02:00'),(67,'Tarjeta',44.00,'2026-01-14 13:08:00'),(68,'Tarjeta',45.00,'2026-01-24 16:21:00'),(69,'Tarjeta',43.00,'2026-01-21 09:51:00'),(70,'Tarjeta',68.00,'2026-01-17 12:21:00'),(71,'Bizum',85.00,'2026-01-23 16:26:00'),(72,'Bizum',94.00,'2026-01-24 11:13:00'),(73,'Tarjeta',10.00,'2026-01-23 11:29:00'),(74,'Tarjeta',57.00,'2026-01-17 12:18:00'),(75,'Tarjeta',77.00,'2026-01-26 20:00:00'),(76,'Efectivo',84.00,'2026-01-25 11:41:00'),(77,'Tarjeta',143.00,'2026-01-15 19:00:00'),(78,'Tarjeta',18.00,'2026-01-18 11:07:00'),(79,'Tarjeta',38.00,'2026-01-19 09:37:00'),(80,'Tarjeta',38.00,'2026-01-18 13:02:00'),(81,'Tarjeta',10.00,'2026-01-17 17:56:00'),(82,'Efectivo',5.00,'2026-01-15 19:19:00'),(83,'Efectivo',93.00,'2026-01-26 11:46:00'),(84,'Efectivo',140.00,'2026-01-20 18:06:00'),(85,'Tarjeta',14.00,'2026-01-27 11:58:00'),(86,'Tarjeta',35.00,'2026-01-21 10:05:00'),(87,'Tarjeta',35.00,'2026-01-20 12:47:00'),(88,'Tarjeta',107.00,'2026-01-23 11:49:00'),(89,'Tarjeta',72.00,'2026-01-20 12:25:00'),(90,'Bizum',55.00,'2026-01-26 13:13:00'),(91,'Efectivo',57.00,'2026-01-22 16:15:00'),(92,'Tarjeta',56.00,'2026-01-20 16:33:00'),(93,'Tarjeta',59.00,'2026-01-22 18:03:00'),(94,'Tarjeta',50.00,'2026-01-28 18:49:00'),(95,'Tarjeta',114.00,'2026-01-16 18:11:00'),(96,'Tarjeta',65.00,'2026-01-26 10:36:00'),(97,'Bizum',125.00,'2026-01-19 17:58:00'),(98,'Tarjeta',105.00,'2026-01-19 12:33:00'),(99,'Efectivo',6.00,'2026-01-19 12:34:00'),(100,'Bizum',31.00,'2026-01-25 10:58:00'),(101,'Efectivo',47.00,'2026-01-22 13:05:00'),(102,'Tarjeta',48.00,'2026-01-30 13:10:00'),(103,'Tarjeta',36.00,'2026-01-30 12:58:00'),(104,'Tarjeta',71.00,'2026-01-26 10:51:00'),(105,'Tarjeta',83.00,'2026-01-29 18:10:00'),(106,'Bizum',95.00,'2026-01-19 18:32:00'),(107,'Bizum',38.00,'2026-01-23 10:29:00'),(108,'Tarjeta',50.00,'2026-01-31 19:56:00'),(109,'Tarjeta',35.00,'2026-01-25 13:20:00'),(110,'Efectivo',45.00,'2026-01-26 17:09:00'),(111,'Efectivo',90.00,'2026-01-26 17:23:00'),(112,'Tarjeta',49.00,'2026-01-27 10:17:00'),(113,'Efectivo',76.00,'2026-01-21 09:17:00'),(114,'Tarjeta',23.00,'2026-01-23 16:32:00'),(115,'Tarjeta',25.00,'2026-02-01 17:45:00'),(116,'Tarjeta',20.00,'2026-01-28 13:23:00'),(117,'Efectivo',30.00,'2026-01-21 17:44:00'),(118,'Efectivo',65.00,'2026-01-31 09:03:00'),(119,'Tarjeta',39.00,'2026-02-02 19:29:00'),(120,'Bizum',40.00,'2026-01-28 16:23:00'),(121,'Efectivo',28.00,'2026-01-26 16:43:00'),(122,'Tarjeta',38.00,'2026-01-30 10:21:00'),(123,'Efectivo',56.00,'2026-01-27 17:19:00'),(124,'Tarjeta',20.00,'2026-01-28 16:54:00'),(125,'Tarjeta',45.00,'2026-02-02 10:20:00'),(126,'Bizum',54.00,'2026-01-24 12:39:00'),(127,'Tarjeta',97.00,'2026-01-31 12:06:00'),(128,'Tarjeta',65.00,'2026-01-29 19:35:00'),(129,'Efectivo',8.00,'2026-01-22 12:03:00'),(130,'Efectivo',63.00,'2026-01-30 11:47:00'),(131,'Tarjeta',58.00,'2026-01-28 13:29:00'),(132,'Tarjeta',30.00,'2026-01-25 09:21:00'),(133,'Bizum',71.00,'2026-01-30 12:53:00'),(134,'Tarjeta',35.00,'2026-01-25 09:53:00'),(135,'Tarjeta',16.00,'2026-02-01 09:23:00'),(136,'Efectivo',106.00,'2026-01-25 19:51:00'),(137,'Efectivo',26.00,'2026-01-27 17:59:00'),(138,'Tarjeta',65.00,'2026-02-01 13:10:00'),(139,'Bizum',30.00,'2026-01-31 18:30:00'),(140,'Tarjeta',168.00,'2026-01-30 13:15:00'),(141,'Tarjeta',88.00,'2026-02-01 17:15:00'),(142,'Efectivo',60.00,'2026-01-29 18:28:00'),(143,'Tarjeta',81.00,'2026-02-07 10:02:00'),(144,'Bizum',93.00,'2026-01-26 12:27:00'),(145,'Tarjeta',30.00,'2026-01-25 11:14:00'),(146,'Bizum',129.00,'2026-01-29 10:25:00'),(147,'Efectivo',52.00,'2026-02-06 12:49:00'),(148,'Tarjeta',70.00,'2026-02-05 18:11:00'),(149,'Tarjeta',73.00,'2026-02-05 09:46:00'),(150,'Tarjeta',8.00,'2026-01-30 09:22:00'),(151,'Efectivo',30.00,'2026-01-27 16:42:00'),(152,'Efectivo',52.00,'2026-02-03 09:27:00'),(153,'Efectivo',96.00,'2026-01-29 09:44:00'),(154,'Tarjeta',111.00,'2026-02-01 10:31:00'),(155,'Efectivo',71.00,'2026-01-30 17:42:00'),(156,'Efectivo',112.00,'2026-02-03 09:38:00'),(157,'Tarjeta',110.00,'2026-02-09 19:30:00'),(158,'Tarjeta',40.00,'2026-01-29 10:11:00'),(159,'Efectivo',38.00,'2026-02-07 18:51:00'),(160,'Tarjeta',8.00,'2026-02-02 18:31:00'),(161,'Efectivo',38.00,'2026-02-01 11:05:00'),(162,'Efectivo',65.00,'2026-02-07 18:25:00'),(163,'Efectivo',17.00,'2026-01-29 16:44:00'),(164,'Efectivo',90.00,'2026-02-01 10:21:00'),(165,'Bizum',10.00,'2026-01-30 13:30:00'),(166,'Tarjeta',57.00,'2026-02-04 11:31:00'),(167,'Tarjeta',35.00,'2026-02-08 10:02:00'),(168,'Efectivo',15.00,'2026-02-12 09:34:00'),(169,'Tarjeta',92.00,'2026-02-11 19:32:00'),(170,'Tarjeta',99.00,'2026-02-10 11:31:00'),(171,'Efectivo',5.00,'2026-02-07 11:30:00'),(172,'Tarjeta',70.00,'2026-02-12 16:42:00'),(173,'Tarjeta',15.00,'2026-02-08 17:41:00'),(174,'Efectivo',83.00,'2026-02-03 12:13:00'),(175,'Tarjeta',80.00,'2026-02-01 10:40:00'),(176,'Efectivo',35.00,'2026-02-08 12:12:00'),(177,'Bizum',153.00,'2026-01-30 09:18:00'),(178,'Efectivo',40.00,'2026-02-04 13:21:00'),(179,'Tarjeta',33.00,'2026-02-08 17:29:00'),(180,'Tarjeta',43.00,'2026-01-31 12:18:00'),(181,'Tarjeta',63.00,'2026-02-08 09:14:00'),(182,'Tarjeta',132.00,'2026-02-07 10:20:00'),(183,'Efectivo',31.00,'2026-01-31 09:51:00'),(184,'Tarjeta',112.00,'2026-02-07 13:24:00'),(185,'Tarjeta',67.00,'2026-02-05 09:33:00'),(186,'Efectivo',30.00,'2026-02-03 16:25:00'),(187,'Tarjeta',85.00,'2026-02-14 10:32:00'),(188,'Tarjeta',18.00,'2026-02-04 09:50:00'),(189,'Tarjeta',40.00,'2026-02-13 12:57:00'),(190,'Bizum',33.00,'2026-02-08 13:03:00'),(191,'Efectivo',44.00,'2026-02-07 09:35:00'),(192,'Tarjeta',58.00,'2026-02-10 11:59:00'),(193,'Tarjeta',18.00,'2026-02-15 19:22:00'),(194,'Tarjeta',53.00,'2026-02-14 18:57:00'),(195,'Tarjeta',55.00,'2026-02-08 11:15:00'),(196,'Efectivo',18.00,'2026-02-07 18:34:00'),(197,'Efectivo',56.00,'2026-02-11 11:08:00'),(198,'Efectivo',75.00,'2026-02-10 17:06:00'),(199,'Efectivo',60.00,'2026-02-09 11:15:00'),(200,'Tarjeta',40.00,'2026-02-04 17:26:00'),(201,'Tarjeta',58.00,'2026-02-05 12:37:00'),(202,'Tarjeta',39.00,'2026-02-14 19:42:00'),(203,'Tarjeta',68.00,'2026-02-12 12:13:00'),(204,'Efectivo',24.00,'2026-02-16 19:20:00'),(205,'Tarjeta',81.00,'2026-02-11 09:11:00'),(206,'Efectivo',35.00,'2026-02-17 11:49:00'),(207,'Tarjeta',30.00,'2026-02-11 19:01:00'),(208,'Tarjeta',30.00,'2026-02-09 10:30:00'),(209,'Tarjeta',134.00,'2026-02-19 09:52:00'),(210,'Tarjeta',26.00,'2026-02-15 09:55:00'),(211,'Efectivo',76.00,'2026-02-07 19:52:00'),(212,'Bizum',34.00,'2026-02-06 09:12:00'),(213,'Tarjeta',68.00,'2026-02-11 19:23:00'),(214,'Tarjeta',40.00,'2026-02-10 10:24:00'),(215,'Tarjeta',20.00,'2026-02-18 12:31:00'),(216,'Tarjeta',90.00,'2026-02-17 09:00:00'),(217,'Tarjeta',91.00,'2026-02-11 17:58:00'),(218,'Tarjeta',36.00,'2026-02-11 11:31:00'),(219,'Bizum',91.00,'2026-02-15 12:20:00'),(220,'Tarjeta',91.00,'2026-02-17 10:52:00'),(221,'Efectivo',40.00,'2026-02-12 09:37:00'),(222,'Tarjeta',30.00,'2026-02-20 10:39:00'),(223,'Tarjeta',30.00,'2026-02-18 13:01:00'),(224,'Tarjeta',20.00,'2026-02-11 18:01:00'),(225,'Efectivo',28.00,'2026-02-17 17:13:00'),(226,'Tarjeta',28.00,'2026-02-17 16:57:00'),(227,'Tarjeta',25.00,'2026-02-10 12:52:00'),(228,'Tarjeta',8.00,'2026-02-14 12:32:00'),(229,'Efectivo',50.00,'2026-02-15 09:24:00'),(230,'Efectivo',25.00,'2026-02-11 19:59:00'),(231,'Efectivo',73.00,'2026-02-11 11:43:00'),(232,'Tarjeta',18.00,'2026-02-20 18:18:00'),(233,'Efectivo',63.00,'2026-02-17 13:12:00'),(234,'Efectivo',58.00,'2026-02-22 16:51:00'),(235,'Bizum',110.00,'2026-02-22 12:26:00'),(236,'Efectivo',8.00,'2026-02-24 09:26:00'),(237,'Tarjeta',45.00,'2026-02-20 18:01:00'),(238,'Tarjeta',66.00,'2026-02-24 16:31:00'),(239,'Tarjeta',85.00,'2026-02-16 10:49:00'),(240,'Efectivo',56.00,'2026-02-14 18:01:00'),(241,'Tarjeta',35.00,'2026-02-16 17:17:00'),(242,'Tarjeta',148.00,'2026-02-26 12:43:00'),(243,'Efectivo',60.00,'2026-02-15 12:08:00'),(244,'Tarjeta',125.00,'2026-02-25 13:10:00'),(245,'Efectivo',35.00,'2026-02-23 19:09:00'),(246,'Efectivo',115.00,'2026-02-16 10:55:00'),(247,'Efectivo',20.00,'2026-02-22 11:20:00'),(248,'Efectivo',43.00,'2026-02-15 19:19:00');
/*!40000 ALTER TABLE `TICKET` ENABLE KEYS */;
UNLOCK TABLES;

--
-- Temporary view structure for view `v_facturacion_empleado_mes`
--

DROP TABLE IF EXISTS `v_facturacion_empleado_mes`;
/*!50001 DROP VIEW IF EXISTS `v_facturacion_empleado_mes`*/;
SET @saved_cs_client     = @@character_set_client;
/*!50503 SET character_set_client = utf8mb4 */;
/*!50001 CREATE VIEW `v_facturacion_empleado_mes` AS SELECT 
 1 AS `idEMPLEADO`,
 1 AS `empleado`,
 1 AS `mes`,
 1 AS `num_servicios_realizados`,
 1 AS `total_servicios_eur`*/;
SET character_set_client = @saved_cs_client;

--
-- Temporary view structure for view `v_ticket_detalle`
--

DROP TABLE IF EXISTS `v_ticket_detalle`;
/*!50001 DROP VIEW IF EXISTS `v_ticket_detalle`*/;
SET @saved_cs_client     = @@character_set_client;
/*!50503 SET character_set_client = utf8mb4 */;
/*!50001 CREATE VIEW `v_ticket_detalle` AS SELECT 
 1 AS `idPedido`,
 1 AS `fecha_reserva`,
 1 AS `fechaPago`,
 1 AS `metodoPago`,
 1 AS `precioTotal`,
 1 AS `idCLIENTE`,
 1 AS `cliente`,
 1 AS `telefono`,
 1 AS `email`*/;
SET character_set_client = @saved_cs_client;

--
-- Dumping routines for database 'PeluqueriaDB'
--

--
-- Final view structure for view `v_facturacion_empleado_mes`
--

/*!50001 DROP VIEW IF EXISTS `v_facturacion_empleado_mes`*/;
/*!50001 SET @saved_cs_client          = @@character_set_client */;
/*!50001 SET @saved_cs_results         = @@character_set_results */;
/*!50001 SET @saved_col_connection     = @@collation_connection */;
/*!50001 SET character_set_client      = utf8mb4 */;
/*!50001 SET character_set_results     = utf8mb4 */;
/*!50001 SET collation_connection      = utf8mb4_0900_ai_ci */;
/*!50001 CREATE ALGORITHM=UNDEFINED */
/*!50013 DEFINER=`root`@`%` SQL SECURITY DEFINER */
/*!50001 VIEW `v_facturacion_empleado_mes` AS select `e`.`idEMPLEADO` AS `idEMPLEADO`,concat(`e`.`nombre`,' ',`e`.`apellido`) AS `empleado`,date_format(`ls`.`horaInicio`,'%Y-%m') AS `mes`,count(0) AS `num_servicios_realizados`,sum(`ls`.`precioUnitarioAplicado`) AS `total_servicios_eur` from (`LINEA_SERVICIO` `ls` join `EMPLEADO` `e` on((`e`.`idEMPLEADO` = `ls`.`EMPLEADO_idEMPLEADO`))) group by `e`.`idEMPLEADO`,`empleado`,`mes` */;
/*!50001 SET character_set_client      = @saved_cs_client */;
/*!50001 SET character_set_results     = @saved_cs_results */;
/*!50001 SET collation_connection      = @saved_col_connection */;

--
-- Final view structure for view `v_ticket_detalle`
--

/*!50001 DROP VIEW IF EXISTS `v_ticket_detalle`*/;
/*!50001 SET @saved_cs_client          = @@character_set_client */;
/*!50001 SET @saved_cs_results         = @@character_set_results */;
/*!50001 SET @saved_col_connection     = @@collation_connection */;
/*!50001 SET character_set_client      = utf8mb4 */;
/*!50001 SET character_set_results     = utf8mb4 */;
/*!50001 SET collation_connection      = utf8mb4_0900_ai_ci */;
/*!50001 CREATE ALGORITHM=UNDEFINED */
/*!50013 DEFINER=`root`@`%` SQL SECURITY DEFINER */
/*!50001 VIEW `v_ticket_detalle` AS select `t`.`PEDIDO_idPEDIDO` AS `idPedido`,`p`.`fecha` AS `fecha_reserva`,`t`.`fechaPago` AS `fechaPago`,`t`.`metodoPago` AS `metodoPago`,`t`.`precioTotal` AS `precioTotal`,`c`.`idCLIENTE` AS `idCLIENTE`,concat(`c`.`nombre`,' ',`c`.`apellidos`) AS `cliente`,`c`.`telefono` AS `telefono`,`c`.`email` AS `email` from ((`TICKET` `t` join `PEDIDO` `p` on((`p`.`idPEDIDO` = `t`.`PEDIDO_idPEDIDO`))) join `CLIENTE` `c` on((`c`.`idCLIENTE` = `p`.`idCLIENTE`))) */;
/*!50001 SET character_set_client      = @saved_cs_client */;
/*!50001 SET character_set_results     = @saved_cs_results */;
/*!50001 SET collation_connection      = @saved_col_connection */;
SET @@SESSION.SQL_LOG_BIN = @MYSQLDUMP_TEMP_LOG_BIN;
/*!40103 SET TIME_ZONE=@OLD_TIME_ZONE */;

/*!40101 SET SQL_MODE=@OLD_SQL_MODE */;
/*!40014 SET FOREIGN_KEY_CHECKS=@OLD_FOREIGN_KEY_CHECKS */;
/*!40014 SET UNIQUE_CHECKS=@OLD_UNIQUE_CHECKS */;
/*!40101 SET CHARACTER_SET_CLIENT=@OLD_CHARACTER_SET_CLIENT */;
/*!40101 SET CHARACTER_SET_RESULTS=@OLD_CHARACTER_SET_RESULTS */;
/*!40101 SET COLLATION_CONNECTION=@OLD_COLLATION_CONNECTION */;
/*!40111 SET SQL_NOTES=@OLD_SQL_NOTES */;

-- Dump completed on 2026-02-15 21:56:59
